ID,TABLE_NAME,COLUMNS,RELATIONS,CONTENT
1,T_LIB_OVEN,"ID_OVEN: Oven number. | role=identifier | aliases=id oven | aggregation=none | quality=not_null_for_event_identity
ID_BATTERY: Battery number. | role=identifier | aliases=id battery | aggregation=none | quality=not_null_for_event_identity
STA_OVEN_COKE: Indicates the oven status (charging/pushing/VALID/invalid). | role=status | aliases=sta oven coke | aggregation=none | quality=exclude_nulls_and_infinite_values
COKE_MIN_TIME: Minimum coking time. | role=duration | aliases=coke min time | aggregation=mean;min;max;median | quality=exclude_nulls_and_infinite_values
OVEN_HANDLING: Describes the handling process of the oven. | role=measure | aliases=oven handling | aggregation=mean;min;max;median | quality=exclude_nulls_and_infinite_values
OVEN_TYPE: Indicates whether the particular oven is in level 2 schedule sequence or out of sequence. | role=measure | aliases=oven type | aggregation=mean;min;max;median | quality=exclude_nulls_and_infinite_values
DT_CHARGING_MOMENT: Time of charging coal into the particular oven. | role=timestamp | aliases=dt charging moment | aggregation=none | quality=not_null_for_event_identity
DT_RELEASE_MOMENT: Time when the oven will be ready to push (based on charging moment + coke minimum time). | role=timestamp | aliases=dt release moment | aggregation=none | quality=not_null_for_event_identity
DT_PUSHING_MOMENT: Time when the oven was pushed last (the cycle involves pushing, charging, and then reaching the release moment). | role=timestamp | aliases=dt pushing moment | aggregation=none | quality=not_null_for_event_identity
DT_PUSHING_MOMENT_PREV: Pushing moment of that particular oven in the previous cycle. | role=timestamp | aliases=dt pushing moment prev | aggregation=none | quality=not_null_for_event_identity
WT_COAL: Amount of coal charged in that oven. | role=weight | aliases=wt coal | aggregation=mean;min;max;median | quality=exclude_nulls_and_infinite_values
DOOR_AGE_COKE: Age of the coke door. | role=duration | aliases=door age coke | aggregation=mean;min;max;median | quality=exclude_nulls_and_infinite_values
DOOR_AGE_RAM: Age of the ram door. | role=duration | aliases=door age ram | aggregation=mean;min;max;median | quality=exclude_nulls_and_infinite_values
CD_SCHEDULABLE_OPTION: Indicates scheduling options available for the oven. | role=measure | aliases=cd schedulable option | aggregation=mean;min;max;median | quality=exclude_nulls_and_infinite_values
OVEN_NIS_TYPE: Type of oven NIS (Non-Intrusive System). | role=measure | aliases=oven nis type | aggregation=mean;min;max;median | quality=exclude_nulls_and_infinite_values
D_CLEANING_STATUS: Status of the cleaning process. | role=status | aliases=d cleaning status | aggregation=none | quality=exclude_nulls_and_infinite_values
CARBONISATION_INDEX: Index indicating the level of carbonization. | role=measure | aliases=carbonisation index | aggregation=mean;min;max;median | quality=exclude_nulls_and_infinite_values
MAX_TEMP: Maximum temperature reached. | role=temperature | aliases=max temp | aggregation=mean;min;max;median | quality=exclude_nulls_and_infinite_values
MAX_TIME: Maximum time recorded. | role=duration | aliases=max time | aggregation=mean;min;max;median | quality=exclude_nulls_and_infinite_values
COKE_BREAKAGE: Indicates occurence of Cake breakage (1 or 0), Not completely reliable flag.. | role=duration | aliases=coke breakage | aggregation=mean;min;max;median | quality=exclude_nulls_and_infinite_values
OVEN_READY_STA: Status indicating whether the oven is ready. | role=measure | aliases=oven ready sta | aggregation=mean;min;max;median | quality=exclude_nulls_and_infinite_values",T_MCH_COKE,"This table contains level 2 schedule informations of ovens. This table tracks the operational status and parameters of ovens, including their charging, pushing moments, and coal handling metrics. Key metrics such as minimum coking time, oven readiness, and cleaning status are monitored to optimize the coking process and ensure efficient oven management. This table will have only 88 rows for each battery. and we have total 2 batteries (coke plant 10 and 11) | aliases=lib oven | grain=one row according to documented source event or entity | refresh=csv replacement detected at application restart | governance=read-only; metadata-and-header allowlist | default_time=use documented timestamp with best valid coverage | onboarding=add this row and matching TABLE_NAME.csv only"
2,T_MCH_COKE,"ID_SEQ_COKE: Unique Sequencing of ID | role=identifier | aliases=id seq coke | aggregation=none | quality=not_null_for_event_identity
ID_BATTERY: Battery iformation | role=identifier | aliases=id battery | aggregation=none | quality=not_null_for_event_identity
ID_CGC: Coke guide car information | role=identifier | aliases=id cgc | aggregation=none | quality=not_null_for_event_identity
ID_LOCO: Loco info | role=identifier | aliases=id loco | aggregation=none | quality=not_null_for_event_identity
ID_CHARGING_CAR: charging car info | role=identifier | aliases=id charging car | aggregation=none | quality=not_null_for_event_identity
ID_OVEN: oven number info | role=identifier | aliases=id oven | aggregation=none | quality=not_null_for_event_identity
ID_PYRO: pyrometer id | role=identifier | aliases=id pyro | aggregation=none | quality=not_null_for_event_identity
ID_PUSHER_CAR: pusher car info | role=identifier | aliases=id pusher car | aggregation=none | quality=not_null_for_event_identity
AVG_PUSH_FORCE: average pushing force | role=force | aliases=avg push force | aggregation=mean;min;max;median | quality=exclude_nulls_and_infinite_values
BATTERY_COKING_TIME: coking time of coal of battery | role=duration | aliases=battery coking time | aggregation=mean;min;max;median | quality=exclude_nulls_and_infinite_values
DT_CHARGING_MOMENT: Timestamp when the oven was charged. This is the event-time field for charging-emission analysis and CHG_EMISSION_TIME. | role=timestamp | aliases=charging moment;charging time;charge timestamp | aggregation=none | quality=not_null_for_charging_event_identity
CHARGING_RESULT:  | role=measure | aliases=charging result | aggregation=mean;min;max;median | quality=exclude_nulls_and_infinite_values
WT_COAL: weight of coal | role=weight | aliases=wt coal | aggregation=mean;min;max;median | quality=exclude_nulls_and_infinite_values
STA_CHARGING: charging mode auto (A)/manual (B) | role=status | aliases=sta charging | aggregation=none | quality=exclude_nulls_and_infinite_values
STA_COKE_CREATION:  | role=status | aliases=sta coke creation | aggregation=none | quality=exclude_nulls_and_infinite_values
COKE_MASS_TEMP: Coke end temperature (CET) | role=temperature | aliases=coke mass temp | aggregation=mean;min;max;median | quality=exclude_nulls_and_infinite_values
STA_COKE_MASS_TEMP: CET valid (V) or invalid (I) | role=status | aliases=sta coke mass temp | aggregation=none | quality=exclude_nulls_and_infinite_values
COKE_MIN_TIME: minimum coking time that coal should spend inside the particular oven | role=duration | aliases=coke min time | aggregation=mean;min;max;median | quality=exclude_nulls_and_infinite_values
DT_PUSHING_MOMENT: pushing moment /time | role=timestamp | aliases=dt pushing moment | aggregation=none | quality=not_null_for_event_identity
DT_RELEASE_MOMENT: release time / moment | role=timestamp | aliases=dt release moment | aggregation=none | quality=not_null_for_event_identity
STA_PUSHING: Pushing status in auto (A)/ manual (M) | role=status | aliases=sta pushing | aggregation=none | quality=exclude_nulls_and_infinite_values
TM_ACTUAL_MIN_COKE: Actual coke minimum time of the oven (from charging till pushing) | role=measure | aliases=tm actual min coke | aggregation=mean;min;max;median | quality=exclude_nulls_and_infinite_values
DT_PREV_PUSHING_MOMENT: pushing datetime of the same oven in previous cycle | role=timestamp | aliases=dt prev pushing moment | aggregation=none | quality=not_null_for_event_identity
STAMPING_TIME: time taken by SCP maching to prepare coal cake to charge in the particula oven | role=duration | aliases=stamping time | aggregation=mean;min;max;median | quality=exclude_nulls_and_infinite_values
AVG_CHG_FORCE: average force while charging the coal in the particular oven | role=force | aliases=avg chg force | aggregation=mean;min;max;median | quality=exclude_nulls_and_infinite_values
QUENCH_DUR_SEC: Time taken to quench the hot coke if wet quenching is happening | role=measure | aliases=quench dur sec | aggregation=mean;min;max;median | quality=exclude_nulls_and_infinite_values
WATER_USED_M3: water used in cubic meter for quenching (when coke dry quenching (CDQ) is down) | role=measure | aliases=water used m3 | aggregation=mean;min;max;median | quality=exclude_nulls_and_infinite_values
DT_CARBONIZATION_COMP:  | role=timestamp | aliases=dt carbonization comp | aggregation=none | quality=not_null_for_event_identity
MIN_TEMP_GOOSENECK: minimum Gooseneck temperature | role=temperature | aliases=min temp gooseneck | aggregation=mean;min;max;median | quality=exclude_nulls_and_infinite_values
DT_CARBONIZATION_COMP_2:  | role=timestamp | aliases=dt carbonization comp 2 | aggregation=none | quality=not_null_for_event_identity
CGT_MODE: Charge gas transfer machine used while charging or not (1 or 0) | role=measure | aliases=cgt mode | aggregation=mean;min;max;median | quality=exclude_nulls_and_infinite_values
LOCO_MODE: Loco used or not | role=measure | aliases=loco mode | aggregation=mean;min;max;median | quality=exclude_nulls_and_infinite_values
DT_RELEASE_MOMENT_FINAL: Final release moment | role=timestamp | aliases=dt release moment final | aggregation=none | quality=not_null_for_event_identity
CARBONISATION_INDEX:  | role=measure | aliases=carbonisation index | aggregation=mean;min;max;median | quality=exclude_nulls_and_infinite_values
DT_MAXIMA: Time of maximum gooseneck temperature | role=timestamp | aliases=dt maxima | aggregation=none | quality=not_null_for_event_identity
MAX_TEMP: maximum gooseneck temperature | role=temperature | aliases=max temp | aggregation=mean;min;max;median | quality=exclude_nulls_and_infinite_values
MAX_PUSH_FORCE: maximum push force while pushing the coke from oven | role=force | aliases=max push force | aggregation=mean;min;max;median | quality=exclude_nulls_and_infinite_values
CDQ_COKE_WEIGHT: weight of coke produced and sent to cdq | role=weight | aliases=cdq coke weight | aggregation=mean;min;max;median | quality=exclude_nulls_and_infinite_values
SP_QUENCH_TIME: quenching set point | role=duration | aliases=sp quench time | aggregation=mean;min;max;median | quality=exclude_nulls_and_infinite_values
STA_QUENCH: quenching is on of off (1 or 0) | role=status | aliases=sta quench | aggregation=none | quality=exclude_nulls_and_infinite_values
L1_SP_QUENCH_TIME: setpoint to L1 of quench time | role=duration | aliases=l1 sp quench time | aggregation=mean;min;max;median | quality=exclude_nulls_and_infinite_values
CLD_STA: Coal leveling device in SCP active or not (1 or 0) | role=measure | aliases=cld sta | aggregation=mean;min;max;median | quality=exclude_nulls_and_infinite_values
COKE_BREAKAGE: cake breakge while charging (1 or 0) | role=duration | aliases=coke breakage | aggregation=mean;min;max;median | quality=exclude_nulls_and_infinite_values
WCGT_STA:  | role=measure | aliases=wcgt sta | aggregation=mean;min;max;median | quality=exclude_nulls_and_infinite_values
HPLA_CURRENT_STATUS: current oven HPLA used or not (1 or 0) | role=status | aliases=hpla current status | aggregation=none | quality=exclude_nulls_and_infinite_values
HPLA_NEXT_STATUS: next oven HPLA used or not (1 or 0) | role=status | aliases=hpla next status | aggregation=none | quality=exclude_nulls_and_infinite_values
HPLA_PREVIOUS_STATUS: previous oven HPLA used or not (1 or 0) | role=status | aliases=hpla previous status | aggregation=none | quality=exclude_nulls_and_infinite_values
CHG_EMISSION_TIME: Duration of the charging-emission event in seconds. Higher values indicate longer charging-emission duration and poorer emission-control performance. For oven ranking, use mean unless the user explicitly requests maximum, minimum, or median. Compare ovens only when each oven has sufficient valid charging events. | role=duration | unit=seconds | aliases=charging emission time;charging emission;emission duration;emission detection;SPM detection;SPM | aggregation=mean;min;max;median | quality=exclude_nulls_and_infinite_values;exclude_negative_values | preferred_aggregation=mean | higher_is_worse=true | default_dimension=ID_OVEN | default_time=DT_CHARGING_MOMENT
SOAKING_TIME: soaking time | role=duration | aliases=soaking time | aggregation=mean;min;max;median | quality=exclude_nulls_and_infinite_values
TIME_TO_REACH_PEAK_POINT: time to reach maximum gooseneck temperature from charging time | role=duration | aliases=time to reach peak point | aggregation=mean;min;max;median | quality=exclude_nulls_and_infinite_values
AVG_HPLA:  | role=measure | aliases=avg hpla | aggregation=mean;min;max;median | quality=exclude_nulls_and_infinite_values
AVG_GCM:  | role=measure | aliases=avg gcm | aggregation=mean;min;max;median | quality=exclude_nulls_and_infinite_values
CGT_AUT_STA: Coke guide car in auto or not (1 or 0) | role=measure | aliases=cgt aut sta | aggregation=mean;min;max;median | quality=exclude_nulls_and_infinite_values",T_LIB_OVEN,"This table contains rowise details of each oven from charging to pushing moment. Each ID_SEQ_COKE is a unique identifier for na new charging. and with respect to this ID_SEQ_COKE details of ID_OVEN, ID_BATTERY , charging time ,release time , and other details gets filled at the time of charging. Other columns are filled during the coking cycle of that particular oven and eventually a particula oven is ready to be pushed after it has crossed its release time. Once the oven is pushed it becomes empty and gets ready for next charging ( new id_seq_coke ). This table plays major role in report creation and other details with repect to particular pushing charging of an oven. Also it contains the histore of all those ovens differentiated by id_seq_coke. Higher id_seq_coke means latest information for that oven. | aliases=mch coke | grain=one row according to documented source event or entity | refresh=csv replacement detected at application restart | governance=read-only; metadata-and-header allowlist | default_time=use documented timestamp with best valid coverage | onboarding=add this row and matching TABLE_NAME.csv only"
3,T_MSU_FLUE_MEASUREMENT,"ID_BATTERY: Battery identifier for the temperature measurement. | role=identifier | aliases=battery;battery number;id battery | aggregation=none | quality=not_null_for_event_identity,
ID_MEASUREMENT: Unique identifier for each temperature measurement record. | role=identifier | aliases=measurement id;id measurement | aggregation=none | quality=not_null_for_event_identity,
DT_MEASUREMENT: Timestamp when the temperature measurement was recorded. This is the default event-time column for this table. | role=timestamp | aliases=measurement time;temperature measurement time;dt measurement | aggregation=none | quality=valid_datetime,
GAS_TYPE: Type of gas recorded for the measurement, for example LN. | role=status | aliases=gas type | aggregation=none | quality=exclude_nulls,
ID_OPERATOR: Identifier of the operator who entered the measurement information. | role=identifier | aliases=operator;operator id;id operator | aggregation=none | quality=exclude_nulls,
MEASURED_TYPE: Controlled temperature-measurement family. CB means Cross Battery or battery temperature. CW means Cross Wall temperature. CBT requests require value CB. CWT requests require value CW. | role=status | aliases=measurement type;measured type;temperature type | aggregation=none | values=CB:battery_temperature;CW:cross_wall_temperature | quality=allowed_values_CB_CW,
AVG_CROSS_WALL_TEMP: Average Cross Wall temperature in degrees Celsius. This measure applies only when MEASURED_TYPE=CW. Do not use this field for CBT or battery-temperature requests. | role=temperature | unit=degC | aliases=average cross wall temperature;cross wall temperature;cross-wall temperature;CWT;avg cross wall temp | aggregation=mean;min;max;median | quality=exclude_nulls_and_infinite_values,
AVG_COKE_TEMP: Average coke-side temperature in degrees Celsius for Cross Battery measurements. This measure applies only when MEASURED_TYPE=CB. | role=temperature | unit=degC | aliases=average coke side temperature;coke side temperature;coke side battery temperature;coke side CBT;avg coke temp | aggregation=mean;min;max;median | quality=exclude_nulls_and_infinite_values,
AVG_MIDDLE_TEMP: Average middle temperature in degrees Celsius for Cross Battery measurements. This measure applies only when MEASURED_TYPE=CB. | role=temperature | unit=degC | aliases=average middle temperature;middle temperature;middle battery temperature;middle CBT;avg middle temp | aggregation=mean;min;max;median | quality=exclude_nulls_and_infinite_values,
AVG_RAM_TEMP: Average ram-side temperature in degrees Celsius for Cross Battery measurements. This measure applies only when MEASURED_TYPE=CB. | role=temperature | unit=degC | aliases=average ram side temperature;ram side temperature;ram side battery temperature;ram side CBT;avg ram temp | aggregation=mean;min;max;median | quality=exclude_nulls_and_infinite_values,
ID_BLOCK: Battery-block identifier, for example 10A, 10B, 11A, or 11B. | role=identifier | aliases=block;battery block;block number;id block | aggregation=none | quality=not_null_for_event_identity",,"This table records governed flue-temperature measurements for coke-oven batteries. Cross Battery or battery temperature measurements have MEASURED_TYPE=CB and use AVG_COKE_TEMP, AVG_MIDDLE_TEMP, and AVG_RAM_TEMP. Cross Wall temperature measurements have MEASURED_TYPE=CW and use AVG_CROSS_WALL_TEMP. CBT and battery temperature are business aliases for Cross Battery temperature. CWT is a business alias for Cross Wall temperature.|aliases=msu flue measurement;CBT;battery temperature;cross battery temperature;cross-battery temperature;CWT;cross wall temperature;cross-wall temperature|grain=one temperature measurement record per battery/block and measurement timestamp|refresh=csv replacement detected at application restart|governance=read-only; metadata-and-header allowlist|default_time=DT_MEASUREMENT|semantic_rule=CBT or battery temperature or cross battery temperature requires MEASURED_TYPE=CB; CWT or cross wall temperature requires MEASURED_TYPE=CW|onboarding=add this row and matching TABLE_NAME.csv only"
4,T_OVEN_CLEANING_STATUS,"ID_OVEN: oven id from 1-88 of batteries, ID_BATTERY : id information of battery, DT_OVEN_CLEANING_MOMENT : date when the respective oven of battery has been cleaned | role=identifier | aliases=id oven | aggregation=none | quality=not_null_for_event_identity",T_MCH_COKE,this table is giving information about the cleaning of each oven when it has been cleaned. Data is stored in date wise format. | aliases=oven cleaning status | grain=one row according to documented source event or entity | refresh=csv replacement detected at application restart | governance=read-only; metadata-and-header allowlist | default_time=use documented timestamp with best valid coverage | onboarding=add this row and matching TABLE_NAME.csv only
5,T_MSU_FLUE_DATA,"ID_MEASUREMENT: a set of measurement consisting of n numbers of sequential reading of flue temperatures, ID_DEVICE : information of device through which reading has been taken, ID_SEQ_READING : sequential reading of a set of measurement of flue temperature, FLUE_TEMP : temperature reading of each flue, FLUE_STATUS : validity of flue system wheter reading is correct or not. 'V' is for valid reading | role=identifier | aliases=id measurement | aggregation=none | quality=not_null_for_event_identity",T_MSU_FLUE_MEASUREMENT,this table consists of data of each flue temperature which is measured through a device which is located in various places of oven in battery. | aliases=msu flue data | grain=one row according to documented source event or entity | refresh=csv replacement detected at application restart | governance=read-only; metadata-and-header allowlist | default_time=use documented timestamp with best valid coverage | onboarding=add this row and matching TABLE_NAME.csv only
6,T_MSU_DEVICE,"ID_BATTERY: battery id information, ID_DEVICE : device id information, LOCATION : exact location of device located in ovens and battery, CD_BATTERY_SIDE : battery sides or location, DT_DATA_CREATION : date when the device is created, HEALTH : health of device, RANGE_STATUS : status of the device, DEVICE_VAL : value of device, ID_BLOCK : block of battery, ID_DEVICE_TYPE : type of device | role=identifier | aliases=id battery | aggregation=none | quality=not_null_for_event_identity",T_MSU_FLUE_DATA,this table gives the information about the devices which are being used for flue temperatures reading . Also the proper locations of devices where devices are installed and which places of battery is also mentioned. | aliases=msu device | grain=one row according to documented source event or entity | refresh=csv replacement detected at application restart | governance=read-only; metadata-and-header allowlist | default_time=use documented timestamp with best valid coverage | onboarding=add this row and matching TABLE_NAME.csv only
7,T_MCH_PUSH_CURRENT_LOG,ID_SEQ_COKE: Unique Sequencing of ID. Each charging has its unique number. And this unique number has all the details from charging to pushing in table T_MCH_COKE | role=identifier | aliases=id seq coke | aggregation=none | quality=not_null_for_event_identity,T_MCH_COKE,This table has the periodic push current data as pe the id_seq_coke. This id_seq_coke contains the information about battery and oven number (stored in T_MCH_COKE table) | aliases=mch push currenlog | grain=one row according to documented source event or entity | refresh=csv replacement detected at application restart | governance=read-only; metadata-and-header allowlist | default_time=use documented timestamp with best valid coverage | onboarding=add this row and matching TABLE_NAME.csv only
