"ID_OVEN","ID_BATTERY","STA_OVEN","COKE_MIN_TIME","OVEN_HANDLING","OVEN_TYPE","DT_CHARGING_MOMENT","DT_RELEASE_MOMENT","DT_PUSHING_MOMENT","DT_PUSHING_MOMENT_PREV","WT_COAL","DOOR_AGE_COKE","DOOR_AGE_RAM","CD_SCHEDULABLE_OPTION","OVEN_NIS_TYPE","D_CLEANING_STATUS","CARBONISATION_INDEX","MAX_TEMP","MAX_TIME","COKE_BREAKAGE","OVEN_READY_STA"
40,11,"FULL",1590,"C","SEQ",20-JUL-2026 20:11:03,21-JUL-2026 22:41:03,20-JUL-2026 20:03:42,19-JUL-2026 16:26:37,0,998,998,"","","",,,,1,0
35,11,"FULL",1590,"C","SEQ",20-JUL-2026 19:54:19,21-JUL-2026 22:24:19,20-JUL-2026 19:47:21,19-JUL-2026 16:01:07,0,998,998,"","","",1.2,573.532,1314,1,0
30,11,"FULL",1590,"C","SEQ",20-JUL-2026 19:38:27,21-JUL-2026 22:08:27,20-JUL-2026 19:30:55,19-JUL-2026 15:46:10,0,998,998,"","","",1.26,449.033,1268,1,0
25,11,"FULL",1590,"C","SEQ",20-JUL-2026 19:17:20,21-JUL-2026 21:47:20,20-JUL-2026 19:10:18,19-JUL-2026 15:23:40,0,998,998,"","","",1.19,654.794,1291,1,0
20,11,"FULL",1590,"C","SEQ",20-JUL-2026 19:00:28,21-JUL-2026 21:30:28,20-JUL-2026 18:52:30,19-JUL-2026 15:09:00,0,998,998,"","","",0.99,694.972,1568,1,0
15,11,"FULL",1590,"C","SEQ",20-JUL-2026 18:45:37,21-JUL-2026 21:15:37,20-JUL-2026 18:38:58,19-JUL-2026 14:54:57,0,998,998,"","","",1.22,449.98,1299,1,0
29,10,"FULL",1575,"C","SEQ",20-JUL-2026 22:24:17,22-JUL-2026 00:39:17,20-JUL-2026 21:57:21,19-JUL-2026 18:23:53,0,998,998,"","","",1.45,475.549,1279,0,0
33,10,"FULL",1575,"C","SEQ",21-JUL-2026 07:25:13,22-JUL-2026 09:40:13,21-JUL-2026 07:18:22,20-JUL-2026 04:12:12,0,998,998,"","","",1.17,523.283,1320,0,0
28,10,"FULL",1575,"C","SEQ",21-JUL-2026 07:08:21,22-JUL-2026 09:23:21,21-JUL-2026 07:01:42,20-JUL-2026 03:58:09,0,998,998,"","","",1.4,592.378,1255,0,0
23,10,"FULL",1575,"C","SEQ",21-JUL-2026 06:52:27,22-JUL-2026 09:07:27,21-JUL-2026 06:45:50,20-JUL-2026 03:42:41,0,998,998,"","","",1.4,-42.152,1104,0,0
18,10,"FULL",1575,"C","SEQ",20-JUL-2026 18:59:51,21-JUL-2026 21:14:51,20-JUL-2026 18:50:33,19-JUL-2026 12:17:37,0,998,998,"","","",0.97,738.013,1620,1,0
13,10,"FULL",1575,"C","SEQ",21-JUL-2026 06:35:14,22-JUL-2026 08:50:14,21-JUL-2026 06:28:40,20-JUL-2026 03:21:24,0,998,998,"","","",1.38,545.795,1239,0,0
8,10,"FULL",1575,"C","SEQ",21-JUL-2026 06:22:10,22-JUL-2026 08:37:10,21-JUL-2026 06:14:49,20-JUL-2026 03:03:24,0,998,998,"","","",1.42,238.585,1197,0,0
86,10,"FULL",1575,"C","SEQ",21-JUL-2026 05:56:54,22-JUL-2026 08:11:54,21-JUL-2026 05:50:08,20-JUL-2026 02:45:04,0,998,998,"","","",0.97,569.614,1653,0,0
81,10,"FULL",1575,"C","SEQ",21-JUL-2026 05:44:08,22-JUL-2026 07:59:08,21-JUL-2026 05:37:21,20-JUL-2026 02:31:43,0,998,998,"","","",1.45,436.961,1096,0,0
76,10,"FULL",1575,"C","SEQ",20-JUL-2026 10:25:12,21-JUL-2026 12:40:12,20-JUL-2026 10:17:46,19-JUL-2026 07:18:30,0,998,998,"","","",0,0,0,0,0
71,10,"FULL",1575,"C","SEQ",21-JUL-2026 05:30:47,22-JUL-2026 07:45:47,21-JUL-2026 05:23:49,20-JUL-2026 02:14:10,0,998,998,"","","",1.42,604.145,1285,0,0
66,10,"FULL",1575,"C","SEQ",21-JUL-2026 05:09:33,22-JUL-2026 07:24:33,21-JUL-2026 05:02:40,20-JUL-2026 02:01:17,0,998,998,"","","",1.31,212.815,1188,0,0
61,10,"FULL",1575,"C","SEQ",21-JUL-2026 04:55:36,22-JUL-2026 07:10:36,21-JUL-2026 04:48:45,20-JUL-2026 01:47:38,0,998,998,"","","",1.36,284.594,1251,0,0
56,10,"FULL",1575,"C","SEQ",21-JUL-2026 04:41:12,22-JUL-2026 06:56:12,21-JUL-2026 04:34:37,20-JUL-2026 01:27:20,0,998,998,"","","",1.57,220.482,1197,0,1
51,10,"FULL",1575,"C","SEQ",21-JUL-2026 04:22:00,22-JUL-2026 06:37:00,21-JUL-2026 04:15:09,20-JUL-2026 01:06:50,0,998,998,"","","",1.25,492.446,1353,0,2
46,10,"FULL",1575,"C","SEQ",21-JUL-2026 04:08:37,22-JUL-2026 06:23:37,21-JUL-2026 04:01:45,20-JUL-2026 00:53:23,0,998,998,"","","",0.99,171.439,1743,0,2
41,10,"FULL",1575,"C","SEQ",21-JUL-2026 03:54:29,22-JUL-2026 06:09:29,21-JUL-2026 03:47:55,20-JUL-2026 00:38:38,0,998,998,"","","",1.51,576.857,1251,0,1
36,10,"FULL",1575,"C","SEQ",21-JUL-2026 03:40:04,22-JUL-2026 05:55:04,21-JUL-2026 03:32:41,20-JUL-2026 00:09:15,0,998,998,"","","",,,,0,0
31,10,"FULL",1575,"C","SEQ",21-JUL-2026 03:25:20,22-JUL-2026 05:40:20,21-JUL-2026 03:18:36,19-JUL-2026 23:55:12,0,998,998,"","","",1.43,442.607,1198,0,0
26,10,"FULL",1575,"C","SEQ",21-JUL-2026 03:08:25,22-JUL-2026 05:23:25,21-JUL-2026 03:01:16,19-JUL-2026 23:39:26,0,998,998,"","","",1.34,523.576,1270,0,0
21,10,"FULL",1575,"C","SEQ",21-JUL-2026 02:39:05,22-JUL-2026 04:54:05,21-JUL-2026 02:30:42,19-JUL-2026 23:23:57,0,998,998,"","","",1.35,605.928,1263,0,0
16,10,"FULL",1575,"C","SEQ",21-JUL-2026 02:22:09,22-JUL-2026 04:37:09,21-JUL-2026 02:15:14,19-JUL-2026 23:07:41,0,998,998,"","","",1.01,0,1434,0,2
11,10,"FULL",1575,"C","SEQ",21-JUL-2026 02:01:45,22-JUL-2026 04:16:45,21-JUL-2026 01:53:21,19-JUL-2026 22:51:59,0,998,998,"","","",1.5,435.164,1215,0,0
6,10,"FULL",1575,"C","SEQ",21-JUL-2026 01:45:31,22-JUL-2026 04:00:31,21-JUL-2026 01:37:03,19-JUL-2026 22:37:09,0,998,998,"","","",1.16,402.916,1358,0,0
1,10,"FULL",1575,"C","SEQ",21-JUL-2026 01:27:11,22-JUL-2026 03:42:11,21-JUL-2026 01:18:10,19-JUL-2026 22:23:49,0,998,998,"","","",1.27,563.537,1229,0,0
84,10,"FULL",1575,"C","SEQ",21-JUL-2026 01:06:02,22-JUL-2026 03:21:02,21-JUL-2026 00:58:49,19-JUL-2026 21:24:38,0,998,998,"","","",1.36,337.176,1174,0,0
69,10,"FULL",1575,"C","SEQ",21-JUL-2026 00:32:19,22-JUL-2026 02:47:19,21-JUL-2026 00:25:23,19-JUL-2026 21:46:56,0,998,998,"","","",1.2,205.724,1238,0,0
79,10,"FULL",1575,"C","SEQ",20-JUL-2026 17:20:52,21-JUL-2026 19:35:52,20-JUL-2026 17:13:27,19-JUL-2026 08:46:45,0,998,998,"","","",1.36,496.347,1173,0,0
64,10,"FULL",1575,"C","SEQ",21-JUL-2026 00:10:23,22-JUL-2026 02:25:23,21-JUL-2026 00:03:12,19-JUL-2026 20:50:13,0,998,998,"","","",1,185.506,1533,0,0
74,10,"FULL",1575,"C","SEQ",21-JUL-2026 00:45:45,22-JUL-2026 03:00:45,21-JUL-2026 00:38:43,19-JUL-2026 21:05:14,0,998,998,"","","OK",1.01,371.819,1438,0,0
59,10,"FULL",1575,"C","SEQ",20-JUL-2026 23:57:09,22-JUL-2026 02:12:09,20-JUL-2026 23:50:16,19-JUL-2026 20:30:47,0,998,998,"","","",1.26,374.191,1405,0,0
54,10,"FULL",1575,"C","SEQ",20-JUL-2026 23:42:37,22-JUL-2026 01:57:37,20-JUL-2026 23:35:54,19-JUL-2026 20:14:58,0,998,998,"","","",1.18,430.143,1256,0,0
49,10,"FULL",1575,"C","SEQ",20-JUL-2026 23:28:45,22-JUL-2026 01:43:45,20-JUL-2026 23:22:20,19-JUL-2026 19:49:12,0,998,998,"","","",1.3,407.97,1219,0,0
44,10,"FULL",1575,"C","SEQ",20-JUL-2026 23:08:35,22-JUL-2026 01:23:35,20-JUL-2026 23:01:45,19-JUL-2026 19:15:58,0,998,998,"","","",1.37,546.896,1239,0,0
39,10,"FULL",1575,"C","SEQ",20-JUL-2026 22:54:50,22-JUL-2026 01:09:50,20-JUL-2026 22:47:58,19-JUL-2026 18:55:24,0,998,998,"","","",1.28,78.03,1165,0,0
34,10,"FULL",1575,"C","SEQ",20-JUL-2026 22:41:55,22-JUL-2026 00:56:55,20-JUL-2026 22:34:17,19-JUL-2026 18:41:12,0,998,998,"","","",1.37,548.911,1249,0,0
24,10,"FULL",1575,"C","SEQ",20-JUL-2026 21:50:30,22-JUL-2026 00:05:30,20-JUL-2026 21:42:54,19-JUL-2026 18:07:04,0,998,998,"","","",1.45,475.549,1279,0,0
19,10,"FULL",1575,"C","SEQ",20-JUL-2026 21:35:20,21-JUL-2026 23:50:20,20-JUL-2026 21:28:27,19-JUL-2026 17:49:03,0,998,998,"","","",1.4,604.433,1234,0,0
14,10,"FULL",1575,"C","SEQ",20-JUL-2026 21:17:21,21-JUL-2026 23:32:21,20-JUL-2026 21:10:29,19-JUL-2026 17:33:56,0,998,998,"","","",1.23,595.415,1198,0,0
9,10,"FULL",1575,"C","SEQ",20-JUL-2026 20:58:19,21-JUL-2026 23:13:19,20-JUL-2026 20:50:35,19-JUL-2026 17:17:52,0,998,998,"","","",1.04,428.723,1425,1,0
4,10,"FULL",1575,"C","SEQ",20-JUL-2026 20:41:46,21-JUL-2026 22:56:46,20-JUL-2026 20:33:49,19-JUL-2026 17:01:43,0,998,998,"","","",1.54,605.987,1226,1,0
87,10,"FULL",1575,"C","SEQ",20-JUL-2026 20:25:07,21-JUL-2026 22:40:07,20-JUL-2026 20:18:17,19-JUL-2026 16:21:37,0,998,998,"","","",1.28,393.538,1274,0,0
82,10,"FULL",1575,"C","SEQ",20-JUL-2026 20:06:44,21-JUL-2026 22:21:44,20-JUL-2026 19:59:38,19-JUL-2026 16:05:32,0,998,998,"","","",0.99,207.848,1512,1,0
77,10,"FULL",1575,"C","SEQ",20-JUL-2026 19:50:55,21-JUL-2026 22:05:55,20-JUL-2026 19:44:04,19-JUL-2026 15:49:16,0,998,998,"","","",1.19,446.358,1239,0,0
72,10,"FULL",1575,"C","SEQ",20-JUL-2026 19:31:16,21-JUL-2026 21:46:16,20-JUL-2026 19:24:17,19-JUL-2026 15:34:59,0,998,998,"","","",1.36,589.834,1242,0,0
67,10,"FULL",1575,"C","SEQ",20-JUL-2026 19:18:27,21-JUL-2026 21:33:27,20-JUL-2026 18:14:50,19-JUL-2026 15:07:00,0,998,998,"","","",1.25,515.48,1185,1,0
62,10,"FULL",1575,"C","SEQ",20-JUL-2026 18:08:06,21-JUL-2026 20:23:06,20-JUL-2026 17:59:51,19-JUL-2026 14:53:45,0,998,998,"","","",1.38,49.942,1086,0,0
57,10,"FULL",1575,"C","SEQ",20-JUL-2026 17:52:31,21-JUL-2026 20:07:31,20-JUL-2026 17:45:59,19-JUL-2026 14:39:44,0,998,998,"","","",1.4,220.388,1239,0,0
52,10,"FULL",1575,"C","SEQ",20-JUL-2026 17:38:45,21-JUL-2026 19:53:45,20-JUL-2026 17:32:04,19-JUL-2026 14:26:56,0,998,998,"","","",0.99,850.903,1510,0,0
47,10,"FULL",1575,"C","SEQ",20-JUL-2026 16:54:51,21-JUL-2026 19:09:51,20-JUL-2026 16:45:35,19-JUL-2026 13:58:36,0,998,998,"","","",1.07,285.347,1396,1,0
42,10,"FULL",1575,"C","SEQ",20-JUL-2026 16:34:08,21-JUL-2026 18:49:08,20-JUL-2026 16:26:13,19-JUL-2026 13:41:51,0,998,998,"","","",1.42,594.288,1220,0,0
37,10,"FULL",1575,"C","SEQ",20-JUL-2026 16:18:42,21-JUL-2026 18:33:42,20-JUL-2026 16:10:43,19-JUL-2026 13:23:57,0,998,998,"","","",1.33,445.1,1189,0,0
32,10,"FULL",1575,"C","SEQ",20-JUL-2026 16:02:52,21-JUL-2026 18:17:52,20-JUL-2026 15:54:14,19-JUL-2026 13:09:45,0,998,998,"","","",1.37,526.093,1239,0,0
27,10,"FULL",1575,"C","SEQ",20-JUL-2026 15:42:59,21-JUL-2026 17:57:59,20-JUL-2026 15:35:37,19-JUL-2026 12:51:01,0,998,998,"","","",1.46,651.973,1216,0,0
22,10,"FULL",1575,"C","SEQ",20-JUL-2026 15:28:00,21-JUL-2026 17:43:00,20-JUL-2026 15:21:05,19-JUL-2026 12:36:26,0,998,998,"","","",1.21,550.94,1221,0,0
17,10,"FULL",1575,"C","SEQ",20-JUL-2026 09:48:40,21-JUL-2026 12:03:40,20-JUL-2026 09:41:18,19-JUL-2026 02:37:55,0,998,998,"","","",1.36,619.172,1248,0,0
12,10,"FULL",1575,"C","SEQ",20-JUL-2026 15:13:33,21-JUL-2026 17:28:33,20-JUL-2026 15:06:49,19-JUL-2026 11:57:49,0,998,998,"","","",1.15,518.956,1291,0,0
7,10,"FULL",1575,"C","SEQ",20-JUL-2026 14:56:44,21-JUL-2026 17:11:44,20-JUL-2026 14:49:33,19-JUL-2026 11:32:56,0,998,998,"","","",0.96,387.636,1598,0,0
2,10,"FULL",1575,"C","SEQ",20-JUL-2026 14:40:10,21-JUL-2026 16:55:10,20-JUL-2026 14:32:49,19-JUL-2026 11:14:52,0,998,998,"","","",1.37,424.418,1266,0,0
85,10,"FULL",1575,"C","SEQ",20-JUL-2026 13:53:03,21-JUL-2026 16:08:03,20-JUL-2026 13:46:08,19-JUL-2026 10:50:28,0,998,998,"","","",1.31,605.069,1252,0,0
80,10,"FULL",1575,"C","SEQ",20-JUL-2026 13:40:21,21-JUL-2026 15:55:21,20-JUL-2026 13:33:33,19-JUL-2026 10:37:32,0,998,998,"","","",1.37,593.157,1242,0,0
75,10,"FULL",1575,"C","SEQ",20-JUL-2026 13:27:47,21-JUL-2026 15:42:47,20-JUL-2026 13:20:45,19-JUL-2026 10:17:21,0,998,998,"","","",1.37,289.476,1241,0,0
70,10,"FULL",1575,"C","SEQ",21-JUL-2026 02:53:37,22-JUL-2026 05:08:37,21-JUL-2026 02:46:54,19-JUL-2026 19:31:03,0,998,998,"","","",1.4,458.343,1275,0,0
65,10,"FULL",1575,"C","SEQ",20-JUL-2026 13:08:04,21-JUL-2026 15:23:04,20-JUL-2026 13:00:52,19-JUL-2026 09:59:41,0,998,998,"","","",1.23,605.128,1174,0,0
60,10,"FULL",1575,"C","SEQ",20-JUL-2026 12:54:53,21-JUL-2026 15:09:53,20-JUL-2026 12:47:33,19-JUL-2026 09:46:22,0,998,998,"","","",1.4,464.339,1212,0,0
55,10,"FULL",1575,"C","SEQ",20-JUL-2026 12:38:05,21-JUL-2026 14:53:05,20-JUL-2026 12:31:16,19-JUL-2026 09:32:06,0,998,998,"","","NOT OK",1.25,547.963,1359,0,0
50,10,"FULL",1575,"C","SEQ",20-JUL-2026 12:25:27,21-JUL-2026 14:40:27,20-JUL-2026 12:18:25,19-JUL-2026 09:03:28,0,998,998,"","","",1.26,511.465,1348,0,0
45,10,"FULL",1575,"C","SEQ",20-JUL-2026 12:11:13,21-JUL-2026 14:26:13,20-JUL-2026 11:48:11,19-JUL-2026 08:27:47,0,998,998,"","","",1.45,573.2,1186,0,0
40,10,"FULL",1575,"C","SEQ",20-JUL-2026 11:26:51,21-JUL-2026 13:41:51,20-JUL-2026 11:05:09,19-JUL-2026 08:07:21,0,998,998,"","","",1.36,428.247,1129,1,0
35,10,"FULL",1575,"C","SEQ",20-JUL-2026 10:58:13,21-JUL-2026 13:13:13,20-JUL-2026 10:49:43,19-JUL-2026 07:51:13,0,998,998,"","","",1.17,512.78,1302,0,0
30,10,"FULL",1575,"C","SEQ",20-JUL-2026 10:42:41,21-JUL-2026 12:57:41,20-JUL-2026 10:34:07,19-JUL-2026 07:32:52,0,998,998,"","","",1.4,312.431,1229,0,0
25,10,"FULL",1575,"C","SEQ",20-JUL-2026 09:33:18,21-JUL-2026 11:48:18,20-JUL-2026 09:26:41,19-JUL-2026 06:50:53,0,998,998,"","","",1.11,541.707,1376,1,0
20,10,"FULL",1575,"C","SEQ",20-JUL-2026 09:17:32,21-JUL-2026 11:32:32,20-JUL-2026 09:10:30,19-JUL-2026 06:32:33,0,998,998,"","","",1.33,541.343,1287,0,0
15,10,"FULL",1575,"C","SEQ",20-JUL-2026 09:00:40,21-JUL-2026 11:15:40,20-JUL-2026 08:54:04,19-JUL-2026 06:14:07,0,998,998,"","","",1.38,506.994,1243,0,0
10,10,"FULL",1575,"C","SEQ",20-JUL-2026 08:44:24,21-JUL-2026 10:59:24,20-JUL-2026 08:37:35,19-JUL-2026 05:30:12,0,998,998,"","","",0.98,834.257,1573,0,0
5,10,"FULL",1575,"C","SEQ",20-JUL-2026 08:28:33,21-JUL-2026 10:43:33,20-JUL-2026 08:21:36,19-JUL-2026 05:07:33,0,998,998,"","","",1.33,485.688,1279,0,0
88,10,"FULL",1575,"C","SEQ",20-JUL-2026 08:06:42,21-JUL-2026 10:21:42,20-JUL-2026 07:58:40,19-JUL-2026 04:51:53,0,998,998,"","","",1.37,470.096,1256,0,0
83,10,"FULL",1575,"C","SEQ",20-JUL-2026 07:50:40,21-JUL-2026 10:05:40,20-JUL-2026 07:43:04,19-JUL-2026 04:30:14,0,998,998,"","","",1.11,451.883,1376,1,0
78,10,"FULL",1575,"C","SEQ",20-JUL-2026 07:36:11,21-JUL-2026 09:51:11,20-JUL-2026 07:27:26,19-JUL-2026 04:12:08,0,998,998,"","","OK",,,,0,0
73,10,"FULL",1575,"C","SEQ",20-JUL-2026 07:14:49,21-JUL-2026 09:29:49,20-JUL-2026 07:06:38,19-JUL-2026 03:56:36,0,998,998,"","","OK",1.25,318.717,1365,0,0
68,10,"FULL",1575,"C","SEQ",20-JUL-2026 07:00:21,21-JUL-2026 09:15:21,20-JUL-2026 06:52:15,19-JUL-2026 03:44:10,0,998,998,"","","",1.19,383.73,1240,0,0
63,10,"FULL",1575,"C","SEQ",20-JUL-2026 10:10:25,21-JUL-2026 12:25:25,20-JUL-2026 10:02:00,19-JUL-2026 07:05:22,0,998,998,"","","NOT OK",1.24,489.479,1193,0,0
58,10,"FULL",1575,"C","SEQ",20-JUL-2026 06:44:52,21-JUL-2026 08:59:52,20-JUL-2026 06:36:53,19-JUL-2026 03:24:14,0,998,998,"","","",1.51,-196.69,1181,0,0
53,10,"FULL",1575,"C","SEQ",20-JUL-2026 06:29:32,21-JUL-2026 08:44:32,20-JUL-2026 06:19:19,19-JUL-2026 03:07:22,0,998,998,"","","",1.27,361.715,1362,0,0
48,10,"FULL",1575,"C","SEQ",20-JUL-2026 05:41:10,21-JUL-2026 07:56:10,20-JUL-2026 05:34:31,19-JUL-2026 02:53:39,0,998,998,"","","",1.15,168.735,1333,0,0
43,10,"FULL",1575,"C","SEQ",20-JUL-2026 05:19:19,21-JUL-2026 07:34:19,20-JUL-2026 05:10:53,19-JUL-2026 02:15:33,0,998,998,"","","",0.96,408.256,1609,0,0
38,10,"FULL",1575,"C","SEQ",20-JUL-2026 04:55:00,21-JUL-2026 07:10:00,20-JUL-2026 04:46:30,19-JUL-2026 01:56:42,0,998,998,"","","",1.4,495.642,1308,0,0
10,11,"FULL",1590,"C","SEQ",20-JUL-2026 18:32:57,21-JUL-2026 21:02:57,20-JUL-2026 18:25:56,19-JUL-2026 14:39:09,0,998,998,"","","",1.21,169.872,1306,1,0
5,11,"FULL",1590,"C","SEQ",20-JUL-2026 18:19:29,21-JUL-2026 20:49:29,20-JUL-2026 18:12:33,19-JUL-2026 14:23:57,0,998,998,"","","",1.22,633.231,1297,1,0
88,11,"FULL",1590,"C","SEQ",20-JUL-2026 12:37:45,21-JUL-2026 15:07:45,20-JUL-2026 11:35:00,19-JUL-2026 01:06:06,0,998,998,"","","",1.34,462.116,1229,1,0
83,11,"FULL",1590,"C","SEQ",20-JUL-2026 18:03:59,21-JUL-2026 20:33:59,20-JUL-2026 17:56:03,19-JUL-2026 13:30:22,0,998,998,"","","",1.49,407.308,1264,1,0
78,11,"FULL",1590,"C","SEQ",20-JUL-2026 17:40:59,21-JUL-2026 20:10:59,20-JUL-2026 17:33:50,19-JUL-2026 13:12:36,0,998,998,"","","",1.35,409.856,1180,1,0
73,11,"FULL",1590,"C","SEQ",20-JUL-2026 17:22:15,21-JUL-2026 19:52:15,20-JUL-2026 17:15:10,19-JUL-2026 12:55:03,0,998,998,"","","",1.46,346.946,1273,1,0
68,11,"FULL",1590,"C","SEQ",20-JUL-2026 16:58:52,21-JUL-2026 19:28:52,20-JUL-2026 16:51:15,19-JUL-2026 12:35:14,0,998,998,"","","",1.29,269.123,1236,1,0
63,11,"FULL",1590,"C","SEQ",20-JUL-2026 16:40:26,21-JUL-2026 19:10:26,20-JUL-2026 16:32:55,19-JUL-2026 12:17:18,0,998,998,"","","",1.18,589.747,1344,1,0
58,11,"FULL",1590,"C","SEQ",20-JUL-2026 16:24:02,21-JUL-2026 18:54:02,20-JUL-2026 16:17:13,19-JUL-2026 11:59:19,0,998,998,"","","",1.35,232.213,1169,1,0
53,11,"FULL",1590,"C","SEQ",20-JUL-2026 16:10:06,21-JUL-2026 18:40:06,20-JUL-2026 16:03:31,19-JUL-2026 11:42:32,0,998,998,"","","",1.19,233.488,1329,1,0
48,11,"FULL",1590,"C","SEQ",20-JUL-2026 15:53:21,21-JUL-2026 18:23:21,20-JUL-2026 15:46:03,19-JUL-2026 11:24:42,0,998,998,"","","",1.23,525.034,1284,1,0
43,11,"FULL",1590,"C","SEQ",20-JUL-2026 15:38:10,21-JUL-2026 18:08:10,20-JUL-2026 15:30:10,19-JUL-2026 11:05:00,0,998,998,"","","",1.3,23.934,1205,1,0
38,11,"FULL",1590,"C","SEQ",20-JUL-2026 15:15:47,21-JUL-2026 17:45:47,20-JUL-2026 15:05:56,19-JUL-2026 10:48:13,0,998,998,"","","",1.28,496.799,1216,1,0
33,11,"FULL",1590,"C","SEQ",20-JUL-2026 14:59:28,21-JUL-2026 17:29:28,20-JUL-2026 14:44:01,19-JUL-2026 10:32:12,0,998,998,"","","",1.17,598.662,1325,1,0
28,11,"FULL",1590,"C","SEQ",20-JUL-2026 14:38:16,21-JUL-2026 17:08:16,20-JUL-2026 14:30:21,19-JUL-2026 10:13:50,0,998,998,"","","",0.96,427.711,1641,1,0
23,11,"FULL",1590,"C","SEQ",20-JUL-2026 14:24:34,21-JUL-2026 16:54:34,20-JUL-2026 13:57:53,19-JUL-2026 09:52:05,0,998,998,"","","",1.41,159.022,1095,1,0
18,11,"FULL",1590,"C","SEQ",20-JUL-2026 13:51:22,21-JUL-2026 16:21:22,20-JUL-2026 13:44:38,19-JUL-2026 09:38:49,0,998,998,"","","",1.24,481.333,1262,1,0
13,11,"FULL",1590,"C","SEQ",20-JUL-2026 07:33:08,21-JUL-2026 10:03:08,20-JUL-2026 07:26:17,19-JUL-2026 00:11:55,0,998,998,"","","",1.14,178.41,1356,1,0
8,11,"FULL",1590,"C","SEQ",20-JUL-2026 13:38:09,21-JUL-2026 16:08:09,20-JUL-2026 13:31:16,19-JUL-2026 09:26:05,0,998,998,"","","",1.18,599.953,1309,1,0
3,11,"FULL",1590,"C","SEQ",20-JUL-2026 13:24:33,21-JUL-2026 15:54:33,20-JUL-2026 13:17:04,19-JUL-2026 09:12:09,0,998,998,"","","",1.21,981.917,1533,1,0
86,11,"FULL",1590,"C","SEQ",20-JUL-2026 12:51:08,21-JUL-2026 15:21:08,20-JUL-2026 12:43:43,19-JUL-2026 08:35:30,0,998,998,"","","",1.37,249.168,1135,1,0
81,11,"FULL",1590,"C","SEQ",20-JUL-2026 06:15:16,21-JUL-2026 08:45:16,20-JUL-2026 05:56:03,19-JUL-2026 03:13:02,0,998,998,"","","",1.16,483.214,1338,1,0
76,11,"FULL",1590,"C","SEQ",20-JUL-2026 12:26:05,21-JUL-2026 14:56:05,20-JUL-2026 12:17:50,19-JUL-2026 08:19:07,0,998,998,"","","",1.16,0.298,1326,1,0
66,11,"FULL",1590,"C","SEQ",20-JUL-2026 11:53:28,21-JUL-2026 14:23:28,20-JUL-2026 10:11:01,19-JUL-2026 07:38:58,0,998,998,"","","",1.32,438.342,1157,1,0
71,11,"FULL",1590,"C","SEQ",20-JUL-2026 12:11:48,21-JUL-2026 14:41:48,20-JUL-2026 12:04:03,19-JUL-2026 07:58:37,0,998,998,"","","",1.18,447.664,1311,1,0
61,11,"FULL",1590,"C","SEQ",20-JUL-2026 10:04:00,21-JUL-2026 12:34:00,20-JUL-2026 09:54:38,19-JUL-2026 07:21:50,0,998,998,"","","",1.19,592.982,1297,0,0
56,11,"FULL",1590,"C","SEQ",20-JUL-2026 09:45:26,21-JUL-2026 12:15:26,20-JUL-2026 09:38:29,19-JUL-2026 07:06:48,0,998,998,"","","",1.2,558.956,1288,0,0
51,11,"FULL",1590,"C","SEQ",20-JUL-2026 09:31:02,21-JUL-2026 12:01:02,20-JUL-2026 09:22:56,19-JUL-2026 06:51:31,0,998,998,"","","",1.18,574.938,1315,1,0
46,11,"FULL",1590,"C","SEQ",20-JUL-2026 09:15:07,21-JUL-2026 11:45:07,20-JUL-2026 09:08:16,19-JUL-2026 06:36:46,0,998,998,"","","",1.2,564.08,1293,1,0
41,11,"FULL",1590,"C","SEQ",20-JUL-2026 09:01:17,21-JUL-2026 11:31:17,20-JUL-2026 08:53:44,19-JUL-2026 06:23:30,0,998,998,"","","",0.99,0,1586,1,0
36,11,"FULL",1590,"C","SEQ",20-JUL-2026 08:39:18,21-JUL-2026 11:09:18,20-JUL-2026 08:32:07,19-JUL-2026 05:45:05,0,998,998,"","","",1.2,591.651,1295,1,0
31,11,"FULL",1590,"C","SEQ",20-JUL-2026 08:24:59,21-JUL-2026 10:54:59,20-JUL-2026 08:17:50,19-JUL-2026 05:29:52,0,998,998,"","","",1.19,594.925,1296,1,0
26,11,"FULL",1590,"C","SEQ",20-JUL-2026 08:10:47,21-JUL-2026 10:40:47,20-JUL-2026 08:02:34,19-JUL-2026 05:11:39,0,998,998,"","","",1.22,481.28,1258,1,0
21,11,"FULL",1590,"C","SEQ",20-JUL-2026 07:56:15,21-JUL-2026 10:26:15,20-JUL-2026 07:48:40,19-JUL-2026 04:48:56,0,998,998,"","","",1.27,313.709,1225,1,0
16,11,"FULL",1590,"C","SEQ",20-JUL-2026 07:18:26,21-JUL-2026 09:48:26,20-JUL-2026 07:11:46,19-JUL-2026 04:33:02,0,998,998,"","","",1.21,640.74,1276,1,0
11,11,"FULL",1590,"C","SEQ",20-JUL-2026 07:04:25,21-JUL-2026 09:34:25,20-JUL-2026 06:57:31,19-JUL-2026 04:16:16,0,998,998,"","","",1.3,122.943,1196,1,0
6,11,"FULL",1590,"C","SEQ",20-JUL-2026 06:50:00,21-JUL-2026 09:20:00,20-JUL-2026 06:42:21,19-JUL-2026 03:58:35,0,998,998,"","","",1.15,620.017,1346,1,0
1,11,"FULL",1590,"C","SEQ",20-JUL-2026 06:30:42,21-JUL-2026 09:00:42,20-JUL-2026 06:23:50,19-JUL-2026 03:42:40,0,998,998,"","","",1.23,612.972,1289,1,0
84,11,"FULL",1590,"C","SEQ",20-JUL-2026 05:45:39,21-JUL-2026 08:15:39,20-JUL-2026 05:38:23,19-JUL-2026 02:56:16,0,998,998,"","","",1.12,145.237,1382,1,0
79,11,"FULL",1590,"C","SEQ",20-JUL-2026 05:28:39,21-JUL-2026 07:58:39,20-JUL-2026 05:21:33,19-JUL-2026 02:40:40,0,998,998,"","","",1.17,587.736,1291,1,0
74,11,"FULL",1590,"C","SEQ",20-JUL-2026 05:11:30,21-JUL-2026 07:41:30,20-JUL-2026 05:03:17,19-JUL-2026 02:16:11,0,998,998,"","","",1.15,330.601,1325,1,0
69,11,"FULL",1590,"C","SEQ",20-JUL-2026 04:53:51,21-JUL-2026 07:23:51,20-JUL-2026 04:47:09,19-JUL-2026 01:59:16,0,998,998,"","","",1.19,554.261,1269,1,0
64,11,"FULL",1590,"C","SEQ",20-JUL-2026 13:09:00,21-JUL-2026 15:39:00,20-JUL-2026 13:00:18,19-JUL-2026 08:56:03,0,998,998,"","","",1.2,569.393,1269,1,0
59,11,"FULL",1590,"C","SEQ",20-JUL-2026 04:38:58,21-JUL-2026 07:08:58,20-JUL-2026 04:31:59,19-JUL-2026 01:42:44,0,998,998,"","","",1.42,150.253,1081,1,0
54,11,"FULL",1590,"C","SEQ",20-JUL-2026 04:23:42,21-JUL-2026 06:53:42,20-JUL-2026 04:16:38,19-JUL-2026 01:27:54,0,998,998,"","","",1.2,131.292,1265,1,0
49,11,"FULL",1590,"C","SEQ",21-JUL-2026 07:20:08,22-JUL-2026 09:50:08,21-JUL-2026 07:13:29,20-JUL-2026 03:57:47,0,998,998,"","","",1.22,76.49,1271,0,0
44,11,"FULL",1590,"C","SEQ",21-JUL-2026 07:04:48,22-JUL-2026 09:34:48,21-JUL-2026 06:57:52,20-JUL-2026 03:35:44,0,998,998,"","","",1.21,627.564,1251,0,0
39,11,"FULL",1590,"C","SEQ",21-JUL-2026 06:45:30,22-JUL-2026 09:15:30,21-JUL-2026 06:38:57,20-JUL-2026 03:22:00,0,998,998,"","","",1.2,488.951,1265,0,0
34,11,"FULL",1590,"C","SEQ",21-JUL-2026 06:30:58,22-JUL-2026 09:00:58,21-JUL-2026 06:24:07,20-JUL-2026 03:06:45,0,998,998,"","","",0.99,717.159,1562,0,0
29,11,"FULL",1590,"C","SEQ",21-JUL-2026 06:16:13,22-JUL-2026 08:46:13,21-JUL-2026 05:56:18,20-JUL-2026 02:52:55,0,998,998,"","","",1.2,144.727,1262,0,0
24,11,"FULL",1590,"C","SEQ",21-JUL-2026 05:49:32,22-JUL-2026 08:19:32,21-JUL-2026 05:41:25,20-JUL-2026 02:31:52,0,998,998,"","","",1.17,429.343,1292,0,0
19,11,"FULL",1590,"C","SEQ",21-JUL-2026 05:34:15,22-JUL-2026 08:04:15,21-JUL-2026 05:27:07,20-JUL-2026 02:14:48,0,998,998,"","","",1.21,673.993,1255,0,2
14,11,"FULL",1590,"C","SEQ",21-JUL-2026 05:11:30,22-JUL-2026 07:41:30,21-JUL-2026 05:04:39,20-JUL-2026 02:00:24,0,998,998,"","","",1.26,392.602,1229,0,1
9,11,"FULL",1590,"C","SEQ",21-JUL-2026 04:58:20,22-JUL-2026 07:28:20,21-JUL-2026 04:51:30,20-JUL-2026 01:30:23,0,998,998,"","","",1.23,602.723,1224,0,1
4,11,"FULL",1590,"C","SEQ",21-JUL-2026 04:44:29,22-JUL-2026 07:14:29,21-JUL-2026 04:37:04,20-JUL-2026 01:13:46,0,998,998,"","","",0.98,203.015,1552,0,1
87,11,"FULL",1590,"C","SEQ",21-JUL-2026 04:27:39,22-JUL-2026 06:57:39,21-JUL-2026 04:20:47,20-JUL-2026 00:45:44,0,998,998,"","","",1.2,570.359,1272,0,0
82,11,"FULL",1590,"C","SEQ",21-JUL-2026 04:09:13,22-JUL-2026 06:39:13,21-JUL-2026 04:01:54,20-JUL-2026 00:29:32,0,998,998,"","","",1.16,339.034,1297,0,0
77,11,"FULL",1590,"C","SEQ",21-JUL-2026 03:48:50,22-JUL-2026 06:18:50,21-JUL-2026 03:40:40,20-JUL-2026 00:13:29,0,998,998,"","","",1.04,304.419,1462,0,0
72,11,"FULL",1590,"C","SEQ",21-JUL-2026 03:31:48,22-JUL-2026 06:01:48,21-JUL-2026 03:23:35,19-JUL-2026 23:58:15,0,998,998,"","","",1.16,425.242,1238,0,0
67,11,"FULL",1590,"C","SEQ",21-JUL-2026 03:11:40,22-JUL-2026 05:41:40,21-JUL-2026 03:03:31,19-JUL-2026 23:32:45,0,998,998,"","","",1.05,260.147,1449,0,0
62,11,"FULL",1590,"C","SEQ",21-JUL-2026 02:52:46,22-JUL-2026 05:22:46,21-JUL-2026 02:45:58,19-JUL-2026 23:16:02,0,998,998,"","","",0.98,85.903,1566,0,0
57,11,"FULL",1590,"C","SEQ",21-JUL-2026 02:31:50,22-JUL-2026 05:01:50,21-JUL-2026 02:25:10,19-JUL-2026 22:53:55,0,998,998,"","","NOT OK",1.21,552.755,1254,1,0
52,11,"FULL",1590,"C","SEQ",21-JUL-2026 02:16:46,22-JUL-2026 04:46:46,21-JUL-2026 02:10:00,19-JUL-2026 22:37:18,0,998,998,"","","NOT OK",0.98,439.17,1567,1,0
47,11,"FULL",1590,"C","SEQ",21-JUL-2026 02:02:20,22-JUL-2026 04:32:20,21-JUL-2026 01:55:03,19-JUL-2026 22:19:45,0,998,998,"","","",1.21,479.416,1252,1,0
42,11,"FULL",1590,"C","SEQ",21-JUL-2026 01:47:59,22-JUL-2026 04:17:59,21-JUL-2026 01:39:51,19-JUL-2026 21:51:02,0,998,998,"","","",1.14,499.934,1341,1,0
37,11,"FULL",1590,"C","SEQ",21-JUL-2026 01:26:19,22-JUL-2026 03:56:19,21-JUL-2026 01:18:18,19-JUL-2026 21:30:10,0,998,998,"","","",1.17,367.596,1285,1,0
32,11,"FULL",1590,"C","SEQ",21-JUL-2026 01:08:48,22-JUL-2026 03:38:48,21-JUL-2026 00:56:51,19-JUL-2026 21:15:14,0,998,998,"","","",1.24,116.596,1225,1,0
27,11,"FULL",1590,"C","SEQ",21-JUL-2026 00:48:59,22-JUL-2026 03:18:59,21-JUL-2026 00:35:21,19-JUL-2026 21:00:47,0,998,998,"","","",1.18,357.762,1267,1,0
22,11,"FULL",1590,"C","SEQ",21-JUL-2026 00:29:01,22-JUL-2026 02:59:01,21-JUL-2026 00:21:52,19-JUL-2026 20:45:20,0,998,998,"","","",1.19,576.461,1260,1,0
17,11,"FULL",1590,"C","SEQ",20-JUL-2026 23:49:55,22-JUL-2026 02:19:55,20-JUL-2026 23:42:17,19-JUL-2026 20:19:04,0,998,998,"","","",1.23,610.721,1215,1,0
12,11,"FULL",1590,"C","SEQ",20-JUL-2026 23:35:34,22-JUL-2026 02:05:34,20-JUL-2026 23:28:20,19-JUL-2026 20:04:29,0,998,998,"","","",1.19,123.326,1211,1,0
7,11,"FULL",1590,"C","SEQ",20-JUL-2026 23:18:12,22-JUL-2026 01:48:12,20-JUL-2026 23:11:20,19-JUL-2026 19:48:52,0,998,998,"","","",1.16,410.109,1245,1,0
2,11,"FULL",1590,"C","SEQ",20-JUL-2026 22:58:03,22-JUL-2026 01:28:03,20-JUL-2026 22:51:19,19-JUL-2026 19:34:02,0,998,998,"","","",1.2,552.065,1225,1,0
85,11,"FULL",1590,"C","SEQ",20-JUL-2026 22:38:22,22-JUL-2026 01:08:22,20-JUL-2026 22:31:13,19-JUL-2026 19:16:53,0,998,998,"","","",1.05,4.416,1539,1,0
80,11,"FULL",1590,"C","SEQ",20-JUL-2026 22:22:50,22-JUL-2026 00:52:50,20-JUL-2026 21:59:41,19-JUL-2026 18:59:35,0,998,998,"","","",1.13,480.657,1284,1,0
75,11,"FULL",1590,"C","SEQ",20-JUL-2026 21:52:45,22-JUL-2026 00:22:45,20-JUL-2026 21:45:55,19-JUL-2026 18:44:44,0,998,998,"","","",1.11,441.69,1304,1,0
70,11,"FULL",1590,"C","SEQ",20-JUL-2026 21:37:00,22-JUL-2026 00:07:00,20-JUL-2026 21:29:57,19-JUL-2026 18:29:48,0,998,998,"","","",1.22,527.784,1304,1,0
65,11,"FULL",1590,"C","SEQ",20-JUL-2026 21:19:36,21-JUL-2026 23:49:36,20-JUL-2026 21:12:26,19-JUL-2026 18:12:16,0,998,998,"","","",1.07,312.877,1481,1,0
60,11,"FULL",1590,"C","SEQ",20-JUL-2026 21:03:11,21-JUL-2026 23:33:11,20-JUL-2026 20:55:33,19-JUL-2026 17:57:40,0,998,998,"","","",1.45,436.961,1096,1,0
55,11,"FULL",1590,"C","SEQ",21-JUL-2026 00:11:51,22-JUL-2026 02:41:51,21-JUL-2026 00:04:43,19-JUL-2026 17:33:36,0,998,998,"","","",1.24,538.424,1282,1,0
50,11,"FULL",1590,"C","SEQ",20-JUL-2026 20:47:20,21-JUL-2026 23:17:20,20-JUL-2026 20:40:19,19-JUL-2026 17:16:25,0,998,998,"","","",1.28,230.921,1238,1,0
45,11,"FULL",1590,"C","SEQ",20-JUL-2026 20:27:52,21-JUL-2026 22:57:52,20-JUL-2026 20:21:16,19-JUL-2026 16:50:35,0,998,998,"","","",0.98,590.003,1631,1,0
3,10,"FULL",1575,"C","OUTSEQ",20-JUL-2026 04:39:19,21-JUL-2026 06:54:19,20-JUL-2026 04:29:59,18-JUL-2026 17:33:21,0,998,998,"","","",1.45,582.039,1199,1,0
