"ID_BATTERY","ID_MEASUREMENT","DT_MEASUREMENT","GAS_TYPE","ID_OPERATOR","MEASURED_TYPE","AVG_CROSS_WALL_TEMP","AVG_COKE_TEMP","AVG_MIDDLE_TEMP","AVG_RAM_TEMP","ID_BLOCK"
10,26975,20-JUL-2026 23:00:00,"LN","dcs","CB",0,1315.24,1324.53,1308.83,"A"
10,26977,20-JUL-2026 23:00:00,"LN","dcs","CB",0,1322.91,1328.88,1320.4,"B"
11,26976,20-JUL-2026 23:00:00,"LN","dcs","CB",0,1320.19,1326.81,1315.1,"A"
11,26978,20-JUL-2026 23:00:00,"LN","dcs","CB",0,1308.26,1318.04,1317.28,"B"
11,26974,20-JUL-2026 18:15:00,"LN","dcs","CB",0,1307.03,1316.82,1319.3,"B"
11,26973,20-JUL-2026 18:10:00,"LN","dcs","CB",0,1313.87,1310.63,1300.86,"A"
10,26972,20-JUL-2026 18:05:00,"LN","dcs","CB",0,1308.58,1310.3,1298.22,"B"
10,26971,20-JUL-2026 18:00:00,"LN","dcs","CB",0,1311.19,1317.69,1304.07,"A"
11,26970,20-JUL-2026 10:40:00,"LN","dcs","CW",1335.74,0,0,0,"B"
10,26969,20-JUL-2026 10:00:00,"LN","dcs","CW",1330.44,0,0,0,"B"
10,26968,20-JUL-2026 09:40:00,"LN","dcs","CW",1329.31,0,0,0,"B"
10,26964,20-JUL-2026 09:10:00,"LN","dcs","CB",0,1306.71,1316.96,1298.07,"B"
11,26966,20-JUL-2026 09:10:00,"LN","dcs","CB",0,1311.7,1319.29,1325.18,"B"
10,26963,20-JUL-2026 09:00:00,"LN","dcs","CB",0,1316.13,1326.91,1319.83,"A"
11,26965,20-JUL-2026 09:00:00,"LN","dcs","CB",0,1326.37,1321.64,1311.72,"A"
10,26967,20-JUL-2026 09:00:00,"LN","dcs","CW",1334.53,0,0,0,"B"
11,26959,19-JUL-2026 23:50:00,"LN","dcs","CB",0,1313.65,1316.27,1303.43,"A"
10,26960,19-JUL-2026 23:50:00,"LN","dcs","CB",0,1308.19,1311.31,1300.21,"B"
11,26961,19-JUL-2026 23:50:00,"LN","dcs","CB",0,1310.93,1318.19,1313.99,"B"
10,26962,19-JUL-2026 23:50:00,"LN","dcs","CB",0,1318.66,1325.36,1317.02,"A"
11,26958,19-JUL-2026 18:15:00,"LN","dcs","CB",0,1299,1308.3,1309.81,"B"
11,26957,19-JUL-2026 18:10:00,"LN","dcs","CB",0,1308.21,1305.39,1297.44,"A"
10,26956,19-JUL-2026 18:05:00,"LN","dcs","CB",0,1302.88,1308.87,1292.07,"B"
10,26955,19-JUL-2026 18:00:00,"LN","dcs","CB",0,1316.15,1306.75,1299.62,"A"
11,26954,19-JUL-2026 08:55:00,"LN","dcs","CB",0,1308.57,1313.21,1319.61,"B"
11,26953,19-JUL-2026 08:50:00,"LN","dcs","CB",0,1316.67,1314.03,1303.91,"A"
10,26952,19-JUL-2026 08:45:00,"LN","dcs","CB",0,1319.84,1322.74,1312.96,"B"
10,26951,19-JUL-2026 08:40:00,"LN","dcs","CB",0,1321.71,1327.62,1319.74,"A"
11,26950,18-JUL-2026 23:15:00,"LN","dcs","CB",0,1288.72,1289.91,1290.86,"B"
11,26949,18-JUL-2026 23:10:00,"LN","dcs","CB",0,1312.62,1306.24,1296.86,"A"
10,26948,18-JUL-2026 23:05:00,"LN","dcs","CB",0,1300.59,1301.32,1298.88,"B"
10,26947,18-JUL-2026 23:00:00,"LN","dcs","CB",0,1294.49,1298.38,1282.62,"A"
11,26946,18-JUL-2026 17:10:00,"LN","dcs","CB",0,1296.73,1302.34,1305.5,"B"
10,26944,18-JUL-2026 17:10:00,"LN","dcs","CB",0,1307.24,1310.94,1300.93,"B"
10,26943,18-JUL-2026 17:00:00,"LN","dcs","CB",0,1318.42,1325.78,1310.88,"A"
11,26945,18-JUL-2026 17:00:00,"LN","dcs","CB",0,1310.28,1311.01,1305.06,"A"
11,26940,18-JUL-2026 12:40:00,"LN","dcs","CW",1309.87,0,0,0,"B"
11,26939,18-JUL-2026 12:00:00,"LN","dcs","CW",1315.21,0,0,0,"B"
10,26942,18-JUL-2026 11:40:00,"LN","dcs","CW",1327.04,0,0,0,"A"
10,26941,18-JUL-2026 11:00:00,"LN","dcs","CW",1324.14,0,0,0,"A"
11,26938,18-JUL-2026 10:10:00,"LN","dcs","CB",0,1299.54,1299.32,1309.26,"B"
11,26936,18-JUL-2026 10:10:00,"LN","dcs","CB",0,1314.68,1314.02,1302.06,"A"
10,26935,18-JUL-2026 10:10:00,"LN","dcs","CB",0,1315.18,1323.1,1318.23,"A"
10,26937,18-JUL-2026 10:10:00,"LN","dcs","CB",0,1326.94,1329.6,1315.64,"B"
11,26934,17-JUL-2026 23:15:00,"LN","dcs","CB",0,1314.78,1297.04,1305.58,"B"
11,26933,17-JUL-2026 23:10:00,"LN","dcs","CB",0,1315.31,1301.38,1302.02,"A"
10,26932,17-JUL-2026 23:05:00,"LN","dcs","CB",0,1311.93,1314.11,1295.82,"B"
10,26931,17-JUL-2026 23:00:00,"LN","dcs","CB",0,1304.84,1321.71,1293.47,"A"
10,26928,17-JUL-2026 17:10:00,"LN","dcs","CB",0,1311.78,1315.8,1303.91,"B"
11,26930,17-JUL-2026 17:10:00,"LN","dcs","CB",0,1311.53,1319.38,1321.02,"B"
10,26927,17-JUL-2026 17:00:00,"LN","dcs","CB",0,1318.36,1327.98,1322.22,"A"
11,26929,17-JUL-2026 17:00:00,"LN","dcs","CB",0,1315.56,1317.58,1304.6,"A"
10,26926,17-JUL-2026 15:25:00,"LN","dcs","CW",1329.75,0,0,0,"A"
10,26925,17-JUL-2026 14:45:00,"LN","dcs","CW",1342.75,0,0,0,"A"
10,26924,17-JUL-2026 14:05:00,"LN","dcs","CW",1336.71,0,0,0,"A"
11,26923,17-JUL-2026 10:10:00,"LN","dcs","CB",0,1305.71,1314.93,1315.31,"B"
10,26920,17-JUL-2026 10:10:00,"LN","dcs","CB",0,1323.84,1327.71,1325.27,"A"
10,26922,17-JUL-2026 10:10:00,"LN","dcs","CB",0,1310.84,1315.49,1304.16,"B"
11,26921,17-JUL-2026 10:10:00,"LN","dcs","CB",0,1313.36,1317.18,1299.18,"A"
11,26919,16-JUL-2026 23:15:00,"LN","dcs","CB",0,1310.73,1315.71,1317.47,"B"
11,26918,16-JUL-2026 23:10:00,"LN","dcs","CB",0,1313.42,1309.16,1299.07,"A"
10,26917,16-JUL-2026 23:05:00,"LN","dcs","CB",0,1320.04,1325,1308.24,"B"
10,26916,16-JUL-2026 23:00:00,"LN","dcs","CB",0,1313.07,1320.09,1304.36,"A"
10,26915,16-JUL-2026 17:55:00,"LN","dcs","CB",0,1308.11,1311.64,1299.82,"B"
10,26914,16-JUL-2026 17:00:00,"LN","dcs","CB",0,1307.16,1322.09,1314.56,"A"
11,26913,16-JUL-2026 16:30:00,"LN","dcs","CB",0,1309.44,1312.27,1312.49,"B"
11,26912,16-JUL-2026 16:00:00,"LN","dcs","CB",0,1322.71,1320.89,1310.31,"A"
11,26910,16-JUL-2026 09:40:00,"LN","dcs","CW",1345.8,0,0,0,"A"
11,26911,16-JUL-2026 09:00:00,"LN","dcs","CW",1343.9,0,0,0,"A"
11,26908,16-JUL-2026 08:35:00,"LN","dcs","CB",0,1307.33,1311.29,1310.2,"B"
10,26907,16-JUL-2026 08:35:00,"LN","dcs","CB",0,1306.96,1310.53,1296.96,"B"
11,26906,16-JUL-2026 08:30:00,"LN","dcs","CB",0,1325.42,1318.93,1308.42,"A"
10,26905,16-JUL-2026 08:30:00,"LN","dcs","CB",0,1313.67,1327.98,1311.71,"A"
11,26904,15-JUL-2026 23:15:00,"LN","dcs","CB",0,1300.98,1308.73,1308.87,"B"
11,26903,15-JUL-2026 23:10:00,"LN","dcs","CB",0,1320.71,1315.64,1302.07,"A"
10,26902,15-JUL-2026 23:05:00,"LN","dcs","CB",0,1316.73,1317.4,1303.58,"B"
10,26901,15-JUL-2026 23:00:00,"LN","dcs","CB",0,1307.78,1316.6,1306.58,"A"
10,26900,15-JUL-2026 17:30:00,"LN","dcs","CB",0,1312.82,1307.8,1302.53,"A"
10,26899,15-JUL-2026 17:00:00,"LN","dcs","CB",0,1328.59,1330.84,1319.71,"B"
11,26898,15-JUL-2026 16:30:00,"LN","dcs","CB",0,1307.8,1312.44,1318.09,"B"
11,26897,15-JUL-2026 16:00:00,"LN","dcs","CB",0,1321.77,1318.67,1312.24,"A"
11,26896,15-JUL-2026 10:40:00,"LN","dcs","CW",1165.49,0,0,0,"A"
11,26895,15-JUL-2026 10:00:00,"LN","dcs","CW",1148.62,0,0,0,"A"
10,26892,15-JUL-2026 10:00:00,"LN","dcs","CB",0,1315.09,1317.2,1299,"B"
11,26894,15-JUL-2026 10:00:00,"LN","dcs","CB",0,1326.87,1322.87,1308.91,"A"
10,26893,15-JUL-2026 10:00:00,"LN","dcs","CB",0,1318.07,1318.58,1319.82,"A"
11,26891,15-JUL-2026 10:00:00,"LN","dcs","CB",0,1296.69,1301.38,1302,"B"
11,26890,14-JUL-2026 23:15:00,"LN","dcs","CB",0,1313.71,1321.64,1327.51,"B"
11,26889,14-JUL-2026 23:10:00,"LN","dcs","CB",0,1327.69,1325.24,1313.71,"A"
10,26888,14-JUL-2026 23:05:00,"LN","dcs","CB",0,1314.31,1316.51,1306.07,"B"
10,26887,14-JUL-2026 23:00:00,"LN","dcs","CB",0,1313.44,1324.36,1320.53,"A"
10,26884,14-JUL-2026 16:10:00,"LN","dcs","CB",0,1325.71,1325.33,1313.91,"B"
11,26886,14-JUL-2026 16:10:00,"LN","dcs","CB",0,1309.67,1316.56,1318.78,"B"
10,26883,14-JUL-2026 16:00:00,"LN","dcs","CB",0,1317.02,1329.89,1319.51,"A"
11,26885,14-JUL-2026 16:00:00,"LN","dcs","CB",0,1328.62,1323.44,1313.82,"A"
11,26877,14-JUL-2026 11:25:00,"LN","dcs","CB",0,1325.09,1321.84,1308.16,"A"
10,26876,14-JUL-2026 11:25:00,"LN","dcs","CB",0,1311.91,1326.02,1320.07,"A"
11,26879,14-JUL-2026 11:25:00,"LN","dcs","CB",0,1308.51,1317.16,1317.24,"B"
10,26878,14-JUL-2026 11:25:00,"LN","dcs","CB",0,1315.18,1316.82,1308.6,"B"
10,26882,14-JUL-2026 11:00:00,"LN","dcs","CW",1326.86,0,0,0,"B"
10,26881,14-JUL-2026 10:40:00,"LN","dcs","CW",1332.61,0,0,0,"B"
11,26880,14-JUL-2026 10:00:00,"LN","dcs","CW",1344.07,0,0,0,"A"
11,26875,13-JUL-2026 23:15:00,"LN","dcs","CB",0,1307.21,1309.73,1319.46,"B"
11,26874,13-JUL-2026 23:10:00,"LN","dcs","CB",0,1312.66,1315.44,1304.36,"A"
10,26873,13-JUL-2026 23:05:00,"LN","dcs","CB",0,1312.78,1296.9,1298.39,"B"
10,26872,13-JUL-2026 23:00:00,"LN","dcs","CB",0,1307.94,1315.97,1305.04,"A"
11,26871,13-JUL-2026 18:55:00,"LN","dcs","CB",0,1310.83,1316.3,1320.26,"B"
11,26870,13-JUL-2026 18:50:00,"LN","dcs","CB",0,1317.64,1312.52,1307.19,"A"
10,26869,13-JUL-2026 18:45:00,"LN","dcs","CB",0,1319.43,1315.17,1311.82,"B"
10,26868,13-JUL-2026 18:40:00,"LN","dcs","CB",0,1306.02,1318.59,1315.44,"A"
10,26866,13-JUL-2026 11:00:00,"LN","dcs","CW",1345.19,0,0,0,"A"
10,26867,13-JUL-2026 10:40:00,"LN","dcs","CW",1324.69,0,0,0,"B"
11,26862,13-JUL-2026 10:20:00,"LN","dcs","CB",0,1325.07,1314.64,1310.4,"A"
11,26863,13-JUL-2026 10:20:00,"LN","dcs","CB",0,1291.98,1291.89,1309.38,"B"
11,26865,13-JUL-2026 09:40:00,"LN","dcs","CW",1155.55,0,0,0,"A"
10,26861,13-JUL-2026 09:25:00,"LN","dcs","CB",0,1302.67,1316.91,1312.53,"B"
10,26860,13-JUL-2026 09:25:00,"LN","dcs","CB",0,1292.36,1311.02,1318.29,"A"
11,26864,13-JUL-2026 09:00:00,"LN","dcs","CW",1146.86,0,0,0,"A"
11,26859,12-JUL-2026 23:55:00,"LN","dcs","CB",0,1308.55,1310.4,1305.29,"B"
11,26858,12-JUL-2026 23:50:00,"LN","dcs","CB",0,1318.09,1308.64,1300.44,"A"
10,26857,12-JUL-2026 23:45:00,"LN","dcs","CB",0,1304.56,1309.37,1307.83,"B"
10,26856,12-JUL-2026 23:40:00,"LN","dcs","CB",0,1310.93,1320.4,1303.86,"A"
11,26855,12-JUL-2026 17:50:00,"LN","dcs","CB",0,1306.29,1301.04,1296.47,"A"
10,26853,12-JUL-2026 17:45:00,"LN","dcs","CB",0,1300.4,1305.82,1299.04,"B"
10,26852,12-JUL-2026 17:40:00,"LN","dcs","CB",0,1302.76,1316.27,1311.76,"A"
11,26851,12-JUL-2026 09:55:00,"LN","dcs","CB",0,1297,1300.18,1307.71,"B"
11,26850,12-JUL-2026 09:35:00,"LN","dcs","CB",0,1320.33,1307.58,1296.87,"A"
10,26849,12-JUL-2026 09:35:00,"LN","dcs","CB",0,1319.58,1322.69,1306.2,"B"
10,26848,12-JUL-2026 09:30:00,"LN","dcs","CB",0,1305.2,1325.4,1320.07,"A"
11,26847,11-JUL-2026 23:55:00,"LN","dcs","CB",0,1303.89,1310.71,1316.2,"B"
11,26846,11-JUL-2026 23:50:00,"LN","dcs","CB",0,1317.87,1322.87,1313.09,"A"
10,26845,11-JUL-2026 23:45:00,"LN","dcs","CB",0,1319.24,1320.84,1309.62,"B"
10,26844,11-JUL-2026 23:40:00,"LN","dcs","CB",0,1308.84,1318.4,1312.42,"A"
10,26842,11-JUL-2026 18:20:00,"LN","dcs","CB",0,1307.18,1308.44,1296.91,"B"
11,26841,11-JUL-2026 18:20:00,"LN","dcs","CB",0,1308.44,1304.29,1299.38,"A"
10,26840,11-JUL-2026 18:20:00,"LN","dcs","CB",0,1293.87,1309.27,1299.11,"A"
11,26843,11-JUL-2026 18:20:00,"LN","dcs","CB",0,1312.09,1311.71,1319.58,"B"
11,26854,11-JUL-2026 17:55:00,"LN","dcs","CB",0,1299.71,1309.36,1301.58,"B"
10,26839,11-JUL-2026 10:00:00,"LN","dcs","CW",1322.71,0,0,0,"B"
11,26838,11-JUL-2026 09:20:00,"LN","dcs","CW",1329.26,0,0,0,"B"
11,26837,11-JUL-2026 07:15:00,"LN","dcs","CB",0,1303.63,1309.78,1305.08,"B"
11,26836,11-JUL-2026 07:10:00,"LN","dcs","CB",0,1320.57,1317.87,1306.61,"A"
10,26835,11-JUL-2026 07:05:00,"LN","dcs","CB",0,1313.47,1313.71,1304.07,"B"
10,26834,11-JUL-2026 07:00:00,"LN","dcs","CB",0,1300.61,1312.98,1296.67,"A"
11,26833,10-JUL-2026 23:10:00,"LN","dcs","CB",0,1324.18,1325.74,1326.27,"B"
10,26831,10-JUL-2026 23:10:00,"LN","dcs","CB",0,1328.72,1329.46,1308.91,"B"
11,26832,10-JUL-2026 23:00:00,"LN","dcs","CB",0,1333.17,1328.86,1313.96,"A"
10,26830,10-JUL-2026 23:00:00,"LN","dcs","CB",0,1323.07,1334.93,1326.49,"A"
10,26829,10-JUL-2026 19:05:00,"LN","dcs","CB",0,1310.53,1321.58,1311.03,"B"
11,26828,10-JUL-2026 18:00:00,"LN","dcs","CB",0,1308.17,1307.7,1315.93,"B"
11,26827,10-JUL-2026 18:00:00,"LN","dcs","CB",0,1321.08,1318.33,1307.03,"A"
10,26826,10-JUL-2026 18:00:00,"LN","dcs","CB",0,1318.18,1334.28,1322.21,"A"
10,26825,10-JUL-2026 11:00:00,"LN","dcs","CW",1339.17,0,0,0,"A"
11,26734,10-JUL-2026 10:40:00,"LN","dcs","CW",1318.51,0,0,0,"B"
11,26824,10-JUL-2026 10:40:00,"LN","dcs","CW",1326.73,0,0,0,"B"
11,26822,10-JUL-2026 10:15:00,"LN","dcs","CB",0,1311.64,1319.22,1319.53,"B"
11,26821,10-JUL-2026 10:10:00,"LN","dcs","CB",0,1328.53,1325.69,1317.16,"A"
10,26820,10-JUL-2026 10:05:00,"LN","dcs","CB",0,1312.36,1313.18,1302.82,"B"
10,26808,10-JUL-2026 10:00:00,"LN","dcs","CW",1336.18,0,0,0,"A"
11,26823,10-JUL-2026 10:00:00,"LN","dcs","CW",1326.28,0,0,0,"B"
10,26819,10-JUL-2026 10:00:00,"LN","dcs","CB",0,1306.47,1322.51,1313.98,"A"
10,26687,10-JUL-2026 09:40:00,"LN","dcs","CW",1325.37,0,0,0,"A"
11,26818,09-JUL-2026 23:55:00,"LN","dcs","CB",0,1311,1314.22,1312.4,"B"
11,26817,09-JUL-2026 23:50:00,"LN","dcs","CB",0,1315.91,1312.31,1306.09,"A"
10,26816,09-JUL-2026 23:45:00,"LN","dcs","CB",0,1312.44,1308.27,1301.13,"B"
10,26815,09-JUL-2026 23:40:00,"LN","dcs","CB",0,1300.91,1311.67,1308.29,"A"
10,26811,09-JUL-2026 18:00:00,"LN","dcs","CB",0,1303.53,1322.38,1309.93,"A"
10,26812,09-JUL-2026 18:00:00,"LN","dcs","CB",0,1319.53,1317.62,1302.58,"B"
11,26813,09-JUL-2026 17:00:00,"LN","dcs","CB",0,1319.22,1310.93,1295.13,"A"
11,26814,09-JUL-2026 17:00:00,"LN","dcs","CB",0,1310.93,1317.11,1313.69,"B"
10,26810,09-JUL-2026 11:00:00,"LN","dcs","CW",1336.18,0,0,0,"A"
10,26809,09-JUL-2026 10:40:00,"LN","dcs","CW",1332.09,0,0,0,"B"
11,26807,09-JUL-2026 09:40:00,"LN","dcs","CW",1329.3,0,0,0,"B"
11,26805,09-JUL-2026 09:15:00,"LN","dcs","CB",0,1304.44,1314.38,1312.42,"B"
11,26804,09-JUL-2026 09:10:00,"LN","dcs","CB",0,1311.82,1309.82,1300.53,"A"
10,26803,09-JUL-2026 09:05:00,"LN","dcs","CB",0,1323.84,1321.62,1305.33,"B"
11,26909,09-JUL-2026 09:00:00,"LN","dcs","CW",1343.9,0,0,0,"A"
11,26806,09-JUL-2026 09:00:00,"LN","dcs","CW",1334.04,0,0,0,"A"
10,26802,09-JUL-2026 09:00:00,"LN","dcs","CB",0,1306.2,1311.04,1306.64,"A"
11,26801,08-JUL-2026 23:55:00,"LN","dcs","CB",0,1312.31,1316.93,1319.87,"B"
11,26800,08-JUL-2026 23:50:00,"LN","dcs","CB",0,1318.64,1318.76,1310.38,"A"
10,26799,08-JUL-2026 23:45:00,"LN","dcs","CB",0,1309.2,1308.67,1298.82,"B"
10,26798,08-JUL-2026 23:40:00,"LN","dcs","CB",0,1302.24,1309.6,1300.09,"A"
10,26797,08-JUL-2026 17:45:00,"LN","dcs","CB",0,1314.96,1326.71,1319.27,"B"
11,26796,08-JUL-2026 17:30:00,"LN","dcs","CB",0,1311.13,1316.64,1311.42,"B"
11,26795,08-JUL-2026 17:15:00,"LN","dcs","CB",0,1318.38,1318.44,1308.36,"A"
10,26794,08-JUL-2026 16:45:00,"LN","dcs","CB",0,1314.29,1327.8,1312.44,"A"
11,26793,08-JUL-2026 11:00:00,"LN","dcs","CW",1140.06,0,0,0,"A"
10,26792,08-JUL-2026 10:00:00,"LN","dcs","CW",1308.38,0,0,0,"A"
11,26791,08-JUL-2026 08:15:00,"LN","dcs","CB",0,1301.96,1303.22,1301.33,"B"
11,26790,08-JUL-2026 08:10:00,"LN","dcs","CB",0,1313.09,1307.8,1295.4,"A"
10,26789,08-JUL-2026 08:05:00,"LN","dcs","CB",0,1318.36,1316.69,1299.18,"B"
10,26788,08-JUL-2026 08:00:00,"LN","dcs","CB",0,1313.38,1322.8,1314,"A"
10,26787,07-JUL-2026 23:20:00,"LN","dcs","CB",0,1325.98,1327.76,1311.36,"B"
11,26786,07-JUL-2026 23:10:00,"LN","dcs","CB",0,1309.89,1312.84,1316.02,"B"
10,26784,07-JUL-2026 23:10:00,"LN","dcs","CB",0,1350.98,1341.29,1316.33,"B"
11,26785,07-JUL-2026 23:00:00,"LN","dcs","CB",0,1324.98,1327.58,1313.91,"A"
10,26783,07-JUL-2026 23:00:00,"LN","dcs","CB",0,1312.09,1319.93,1311.04,"A"
10,26782,07-JUL-2026 19:05:00,"LN","dcs","CB",0,1311.56,1324.11,1302.6,"A"
10,26781,07-JUL-2026 18:50:00,"LN","dcs","CB",0,1301.64,1309.4,1309.49,"B"
11,26779,07-JUL-2026 18:40:00,"LN","dcs","CB",0,1307.47,1311.44,1302.67,"A"
11,26780,07-JUL-2026 18:40:00,"LN","dcs","CB",0,1305.56,1305.91,1311.02,"B"
11,26778,07-JUL-2026 11:15:00,"LN","dcs","CB",0,1307.53,1307.67,1303.69,"B"
11,26777,07-JUL-2026 11:10:00,"LN","dcs","CB",0,1311.07,1321.49,1313,"A"
10,26776,07-JUL-2026 11:05:00,"LN","dcs","CB",0,1314.96,1321.73,1314.13,"B"
10,26775,07-JUL-2026 11:00:00,"LN","dcs","CB",0,1317.07,1312.87,1311.4,"A"
10,26774,07-JUL-2026 10:00:00,"LN","dcs","CW",1350.08,0,0,0,"A"
11,26773,07-JUL-2026 10:00:00,"LN","dcs","CW",1337.27,0,0,0,"B"
10,26759,07-JUL-2026 07:05:00,"LN","dcs","CB",0,1320.09,1307.96,1297.56,"B"
11,26772,06-JUL-2026 23:10:00,"LN","dcs","CB",0,1306.67,0,1308.2,"B"
10,26770,06-JUL-2026 23:10:00,"LN","dcs","CB",0,1327.2,0,1325.36,"B"
11,26771,06-JUL-2026 23:00:00,"LN","dcs","CB",0,1305.76,0,1304.44,"A"
10,26769,06-JUL-2026 23:00:00,"LN","dcs","CB",0,1309.09,0,1295.38,"A"
11,26768,06-JUL-2026 19:55:00,"LN","dcs","CB",0,1298.89,1319.66,1318.74,"B"
11,26767,06-JUL-2026 19:10:00,"LN","dcs","CB",0,1304.08,1315.86,1310.26,"A"
10,26765,06-JUL-2026 19:00:00,"LN","dcs","CB",0,1296.36,1310.34,1299.96,"A"
10,26766,06-JUL-2026 19:00:00,"LN","dcs","CB",0,1294.37,1304.47,1298.29,"B"
11,26764,06-JUL-2026 10:40:00,"LN","dcs","CW",1288.44,0,0,0,"A"
10,26763,06-JUL-2026 10:00:00,"LN","dcs","CW",1316.99,0,0,0,"A"
11,26761,06-JUL-2026 07:15:00,"LN","dcs","CB",0,1316.18,1321.67,1318.04,"B"
11,26760,06-JUL-2026 07:10:00,"LN","dcs","CB",0,1304.69,1305.71,1303.4,"A"
10,26762,06-JUL-2026 07:05:00,"LN","dcs","CB",0,1320.09,1307.96,1297.56,"B"
10,26758,06-JUL-2026 07:00:00,"LN","dcs","CB",0,1339.89,1337.07,1315.91,"A"
10,26757,05-JUL-2026 23:00:00,"LN","dcs","CB",0,1320.56,1326.69,1319.76,"B"
11,26755,05-JUL-2026 23:00:00,"LN","dcs","CB",0,1321.49,1322.82,1321.2,"A"
10,26754,05-JUL-2026 23:00:00,"LN","dcs","CB",0,1331.67,1333.73,1320.09,"A"
11,26756,05-JUL-2026 23:00:00,"LN","dcs","CB",0,1322.91,1326.31,1329.44,"B"
11,26753,05-JUL-2026 16:55:00,"LN","dcs","CB",0,1306.11,1307.62,1317.47,"B"
11,26751,05-JUL-2026 16:50:00,"LN","dcs","CB",0,1310.53,1316.96,1305.44,"A"
10,26752,05-JUL-2026 16:35:00,"LN","dcs","CB",0,1324.69,1324.2,1323.44,"B"
10,26750,05-JUL-2026 16:30:00,"LN","dcs","CB",0,1311.47,1324.49,1318.6,"A"
11,26749,05-JUL-2026 09:15:00,"LN","dcs","CB",0,1303.33,1300.69,1296.38,"B"
11,26748,05-JUL-2026 09:10:00,"LN","dcs","CB",0,1311.51,1318.29,1319.78,"A"
10,26747,05-JUL-2026 09:05:00,"LN","dcs","CB",0,1298.42,1309.13,1301.02,"B"
10,26746,05-JUL-2026 09:00:00,"LN","dcs","CB",0,1313.29,1319.18,1309.82,"A"
11,26744,04-JUL-2026 23:55:00,"LN","dcs","CB",0,1305.73,1307.76,1305.84,"B"
11,26742,04-JUL-2026 23:50:00,"LN","dcs","CB",0,1327.56,1312.51,1302.64,"A"
10,26745,04-JUL-2026 23:45:00,"LN","dcs","CB",0,1315.42,1322.11,1310.11,"A"
10,26743,04-JUL-2026 23:35:00,"LN","dcs","CB",0,1305.64,1315.67,1318.36,"B"
10,26741,04-JUL-2026 23:30:00,"LN","dcs","CB",0,1327.56,1312.51,1302.64,"A"
11,26740,04-JUL-2026 18:15:00,"LN","dcs","CB",0,1322.24,1327.2,1325.33,"B"
11,26739,04-JUL-2026 18:10:00,"LN","dcs","CB",0,1323.47,1314.98,1311.18,"A"
11,26738,04-JUL-2026 18:10:00,"LN","dcs","CB",0,1323.47,1314.98,1311.18,"A"
10,26737,04-JUL-2026 18:05:00,"LN","dcs","CB",0,1301.87,1311.11,1308.93,"B"
10,26736,04-JUL-2026 18:00:00,"LN","dcs","CB",0,1301.27,1298.36,1287.27,"A"
11,26735,04-JUL-2026 10:40:00,"LN","dcs","CW",1318.51,0,0,0,"B"
10,26732,04-JUL-2026 10:20:00,"LN","dcs","CB",0,1319.27,1319.42,1318.56,"B"
10,26733,04-JUL-2026 10:00:00,"LN","dcs","CW",1323.73,0,0,0,"B"
11,26731,04-JUL-2026 09:45:00,"LN","dcs","CB",0,1313.33,1282.78,1302.49,"B"
11,26730,04-JUL-2026 09:40:00,"LN","dcs","CB",0,1318.42,1318.4,1315.2,"A"
10,26729,04-JUL-2026 09:30:00,"LN","dcs","CB",0,1298.18,1316.89,1312.8,"A"
11,26728,03-JUL-2026 23:55:00,"LN","dcs","CB",0,1303.16,1311.22,1305.49,"B"
11,26727,03-JUL-2026 23:50:00,"LN","dcs","CB",0,1310.4,1293.38,1289.78,"A"
10,26726,03-JUL-2026 23:35:00,"LN","dcs","CB",0,1291.07,1296.18,1298.27,"B"
10,26725,03-JUL-2026 23:30:00,"LN","dcs","CB",0,1308.31,1320.91,1307.16,"A"
11,26724,03-JUL-2026 18:15:00,"LN","dcs","CB",0,1315.53,1319.69,1318.82,"B"
11,26723,03-JUL-2026 18:10:00,"LN","dcs","CB",0,1301.64,1309.69,1298.8,"A"
10,26722,03-JUL-2026 18:05:00,"LN","dcs","CB",0,1306.64,1310.47,1313.24,"B"
10,26721,03-JUL-2026 18:00:00,"LN","dcs","CB",0,1320.53,1306.56,1287.91,"A"
11,26718,03-JUL-2026 10:00:00,"LN","dcs","CW",1301.02,0,0,0,"B"
10,26720,03-JUL-2026 09:40:00,"LN","dcs","CW",1304.2,0,0,0,"B"
10,26719,03-JUL-2026 09:00:00,"LN","dcs","CW",1308.83,0,0,0,"B"
11,26717,03-JUL-2026 08:40:00,"LN","dcs","CB",0,1326.09,1324.64,1325.93,"B"
10,26715,03-JUL-2026 08:35:00,"LN","dcs","CB",0,1299.24,1305.84,1306.64,"B"
11,26716,03-JUL-2026 08:35:00,"LN","dcs","CB",0,1322.2,1330.89,1321.53,"A"
10,26714,03-JUL-2026 08:30:00,"LN","dcs","CB",0,1305.33,1323.82,1316.69,"A"
11,26712,02-JUL-2026 23:55:00,"LN","dcs","CB",0,1307.56,1315.76,1315.71,"B"
11,26713,02-JUL-2026 23:50:00,"LN","dcs","CB",0,1287,1302.73,1312.51,"A"
10,26711,02-JUL-2026 23:05:00,"LN","dcs","CB",0,1312.71,1325.87,1299.76,"B"
10,26710,02-JUL-2026 23:00:00,"LN","dcs","CB",0,1314.4,1321.47,1303.96,"A"
11,26709,02-JUL-2026 18:15:00,"LN","dcs","CB",0,1304.42,1307.58,1303.62,"B"
11,26708,02-JUL-2026 18:10:00,"LN","dcs","CB",0,1303.6,1314.91,1312.09,"A"
10,26707,02-JUL-2026 18:05:00,"LN","dcs","CB",0,1309.89,1313.82,1304.24,"B"
10,26706,02-JUL-2026 18:00:00,"LN","dcs","CB",0,1317.64,1321.76,1304.47,"A"
11,26705,02-JUL-2026 10:40:00,"LN","dcs","CW",1115.16,0,0,0,"A"
11,26704,02-JUL-2026 10:00:00,"LN","dcs","CW",1126.19,0,0,0,"A"
10,26703,02-JUL-2026 09:40:00,"LN","dcs","CW",1314.32,0,0,0,"B"
10,26702,02-JUL-2026 09:00:00,"LN","dcs","CW",1314.91,0,0,0,"A"
11,26701,02-JUL-2026 08:00:00,"LN","dcs","CB",0,1307.76,1307.98,1304.53,"B"
11,26700,02-JUL-2026 07:30:00,"LN","dcs","CB",0,1307.24,1316.78,1314.33,"A"
10,26699,02-JUL-2026 07:00:00,"LN","dcs","CB",0,1320.51,1328.67,1318.33,"B"
10,26698,02-JUL-2026 06:30:00,"LN","dcs","CB",0,1332.8,1328.11,1325.31,"A"
11,26697,01-JUL-2026 23:55:00,"LN","dcs","CB",0,1312.71,1312.58,1314.33,"B"
11,26695,01-JUL-2026 23:50:00,"LN","dcs","CB",0,1307.58,1318.44,1309.07,"A"
10,26696,01-JUL-2026 23:35:00,"LN","dcs","CB",0,1308.42,1309.69,1294.71,"B"
10,26694,01-JUL-2026 23:30:00,"LN","dcs","CB",0,1286.47,1299.18,1294.69,"A"
11,26693,01-JUL-2026 18:15:00,"LN","dcs","CB",0,1306.98,1307.02,1307.87,"B"
11,26692,01-JUL-2026 18:10:00,"LN","dcs","CB",0,1307.64,1307.93,1302.93,"A"
10,26691,01-JUL-2026 18:05:00,"LN","dcs","CB",0,1316.87,1321.42,1306.09,"B"
10,26690,01-JUL-2026 18:00:00,"LN","dcs","CB",0,1313.04,1314.31,1302.6,"A"
11,26688,01-JUL-2026 10:00:00,"LN","dcs","CW",1307.23,0,0,0,"B"
10,26689,01-JUL-2026 09:40:00,"LN","dcs","CW",1325.37,0,0,0,"A"
10,26686,01-JUL-2026 08:30:00,"LN","dcs","CB",0,1321.02,1321.82,1299.38,"A"
11,26685,01-JUL-2026 07:30:00,"LN","dcs","CB",0,1301,1302.71,1308.04,"B"
11,26684,01-JUL-2026 07:00:00,"LN","dcs","CB",0,1310.04,1322.56,1307.11,"A"
10,26683,01-JUL-2026 06:30:00,"LN","dcs","CB",0,1323.98,1328.89,1321.67,"B"
11,26682,30-JUN-2026 23:55:00,"LN","dcs","CB",0,1302.24,1304.07,1301.4,"B"
11,26681,30-JUN-2026 23:50:00,"LN","dcs","CB",0,1304.07,1307.4,1302.16,"A"
10,26680,30-JUN-2026 23:35:00,"LN","dcs","CB",0,1308.16,1309.02,1297.02,"B"
10,26679,30-JUN-2026 23:30:00,"LN","dcs","CB",0,1309.02,1321.02,1303.58,"A"
11,26678,30-JUN-2026 18:15:00,"LN","dcs","CB",0,1293.31,1297.89,1295.44,"B"
11,26677,30-JUN-2026 18:10:00,"LN","dcs","CB",0,1293.58,1300.71,1299.18,"A"
10,26676,30-JUN-2026 18:05:00,"LN","dcs","CB",0,1302.53,1303.04,1295.29,"B"
10,26675,30-JUN-2026 18:00:00,"LN","dcs","CB",0,1289.78,1296.42,1288.82,"A"
10,26674,30-JUN-2026 10:40:00,"LN","dcs","CW",1294.23,0,0,0,"B"
11,26672,30-JUN-2026 10:00:00,"LN","dcs","CW",1271.98,0,0,0,"B"
10,26673,30-JUN-2026 10:00:00,"LN","dcs","CW",1285.11,0,0,0,"B"
11,26671,30-JUN-2026 09:20:00,"LN","dcs","CW",1281.23,0,0,0,"B"
10,26670,30-JUN-2026 07:10:00,"LN","dcs","CB",0,1282.71,1285.47,1273.44,"B"
11,26669,30-JUN-2026 07:10:00,"LN","dcs","CB",0,1284.96,1288.93,1290.29,"B"
10,26667,30-JUN-2026 07:00:00,"LN","dcs","CB",0,1298.73,1304.42,1292.33,"A"
11,26668,30-JUN-2026 07:00:00,"LN","dcs","CB",0,1294.29,1301.53,1301.93,"A"
11,26665,29-JUN-2026 23:55:00,"LN","dcs","CB",0,1319.02,1314.56,1317.33,"B"
11,26664,29-JUN-2026 23:50:00,"LN","dcs","CB",0,1298.71,1312.11,1309.53,"A"
10,26663,29-JUN-2026 23:35:00,"LN","dcs","CB",0,1322.98,1321.51,1318.04,"B"
10,26666,29-JUN-2026 23:30:00,"LN","dcs","CB",0,1301.29,1308.29,1298.13,"A"
11,26662,29-JUN-2026 18:15:00,"LN","dcs","CB",0,1312.47,1308.47,1311.71,"B"
11,26661,29-JUN-2026 18:10:00,"LN","dcs","CB",0,1313.4,1312.4,1304.38,"A"
10,26660,29-JUN-2026 18:05:00,"LN","dcs","CB",0,1308.47,1313.33,1301.31,"B"
10,26659,29-JUN-2026 18:00:00,"LN","dcs","CB",0,1313.04,1306.82,1297.42,"A"
11,26658,29-JUN-2026 11:00:00,"LN","dcs","CW",1294.27,0,0,0,"B"
11,26657,29-JUN-2026 10:40:00,"LN","dcs","CW",1297.52,0,0,0,"B"
11,26656,29-JUN-2026 10:00:00,"LN","dcs","CW",1305.74,0,0,0,"B"
11,26653,29-JUN-2026 10:00:00,"LN","dcs","CB",0,1318.2,1317.89,1314.8,"B"
10,26655,29-JUN-2026 09:00:00,"LN","dcs","CW",1289.31,0,0,0,"A"
11,26652,29-JUN-2026 08:00:00,"LN","dcs","CB",0,1308.49,1318.07,1311.87,"A"
10,26651,29-JUN-2026 07:30:00,"LN","dcs","CB",0,1316.27,1317.84,1315.13,"B"
10,26650,29-JUN-2026 07:00:00,"LN","dcs","CB",0,1319.78,1323.84,1326.11,"A"
11,26647,28-JUN-2026 23:55:00,"LN","dcs","CB",0,1328,1324.89,1308.09,"B"
11,26649,28-JUN-2026 23:50:00,"LN","dcs","CB",0,1302.96,1307.78,1303.07,"A"
10,26648,28-JUN-2026 23:35:00,"LN","dcs","CB",0,1326.89,1321.96,1309.33,"B"
10,26646,28-JUN-2026 23:30:00,"LN","dcs","CB",0,1329.84,1333.18,1299.07,"A"
11,26645,28-JUN-2026 18:15:00,"LN","dcs","CB",0,1305.4,0,1299.91,"B"
11,26644,28-JUN-2026 18:10:00,"LN","dcs","CB",0,1307.09,0,1304.02,"A"
10,26643,28-JUN-2026 18:05:00,"LN","dcs","CB",0,1327.2,0,1312.29,"B"
10,26642,28-JUN-2026 18:00:00,"LN","dcs","CB",0,1325.18,0,1295.6,"A"
11,26641,28-JUN-2026 09:35:00,"LN","dcs","CB",0,1315.51,1317.49,1316.04,"B"
11,26640,28-JUN-2026 09:30:00,"LN","dcs","CB",0,1317.22,1323.51,1315.31,"A"
10,26638,28-JUN-2026 09:25:00,"LN","dcs","CB",0,1327.07,1326.62,1323.42,"A"
10,26639,28-JUN-2026 09:25:00,"LN","dcs","CB",0,1313.56,1333.62,1315.89,"B"
11,26637,27-JUN-2026 23:15:00,"LN","dcs","CB",0,1302.56,1299.09,1306.22,"B"
11,26636,27-JUN-2026 23:10:00,"LN","dcs","CB",0,1301.4,1308.36,1301.07,"A"
10,26635,27-JUN-2026 23:05:00,"LN","dcs","CB",0,1326.91,1325.04,1304.62,"B"
10,26634,27-JUN-2026 23:00:00,"LN","dcs","CB",0,1314.38,1330.64,1319.27,"A"
11,26633,27-JUN-2026 19:05:00,"LN","dcs","CB",0,1298.56,1312.67,1303,"A"
11,26632,27-JUN-2026 18:55:00,"LN","dcs","CB",0,1310.64,1313.2,1312.56,"B"
10,26631,27-JUN-2026 18:40:00,"LN","dcs","CB",0,1331.44,1334.42,1322.42,"B"
10,26630,27-JUN-2026 18:00:00,"LN","dcs","CB",0,1332.13,1337.16,1329.38,"A"
10,26629,27-JUN-2026 10:40:00,"LN","dcs","CW",1299.65,0,0,0,"B"
10,26627,27-JUN-2026 10:00:00,"LN","dcs","CW",1311.96,0,0,0,"B"
11,26624,27-JUN-2026 10:00:00,"LN","dcs","CB",0,1291.49,1320.6,1312.51,"A"
11,26626,27-JUN-2026 09:40:00,"LN","dcs","CW",1316.01,0,0,0,"B"
11,26623,27-JUN-2026 09:00:00,"LN","dcs","CB",0,1308.09,1313.53,1319.38,"B"
11,26628,27-JUN-2026 09:00:00,"LN","dcs","CW",1316.89,0,0,0,"B"
10,26622,27-JUN-2026 07:30:00,"LN","dcs","CB",0,1325.67,1325.56,1317.13,"B"
10,26621,27-JUN-2026 07:00:00,"LN","dcs","CB",0,1305.13,1305.38,1311.38,"A"
11,26620,26-JUN-2026 23:15:00,"LN","dcs","CB",0,1312.64,0,1309.27,"B"
11,26619,26-JUN-2026 23:10:00,"LN","dcs","CB",0,1309.84,232.62,1312.2,"A"
10,26618,26-JUN-2026 23:05:00,"LN","dcs","CB",0,1314.91,0,1290.58,"B"
10,26617,26-JUN-2026 23:00:00,"LN","dcs","CB",0,1301.98,453.44,1290.27,"A"
11,26616,26-JUN-2026 18:55:00,"LN","dcs","CB",0,1308.69,1308.24,1315.04,"B"
11,26615,26-JUN-2026 18:50:00,"LN","dcs","CB",0,1313.93,1304.24,1304.82,"A"
10,26614,26-JUN-2026 18:45:00,"LN","dcs","CB",0,1316.38,1312.91,1309.76,"B"
10,26613,26-JUN-2026 18:45:00,"LN","dcs","CB",0,1295.69,1304.67,1300.6,"A"
10,26608,26-JUN-2026 11:10:00,"LN","dcs","CB",0,1317.98,1314.73,1306.16,"B"
10,26606,26-JUN-2026 11:05:00,"LN","dcs","CB",0,1312.31,1302.76,1288.91,"A"
11,26607,26-JUN-2026 11:05:00,"LN","dcs","CB",0,1316.31,1308.31,1306.13,"B"
11,26605,26-JUN-2026 11:00:00,"LN","dcs","CB",0,1296.89,1310.69,1304.78,"A"
10,26612,26-JUN-2026 10:40:00,"LN","dcs","CW",1285.16,0,0,0,"A"
10,26611,26-JUN-2026 10:00:00,"LN","dcs","CW",1300.65,0,0,0,"A"
11,26610,26-JUN-2026 09:40:00,"LN","dcs","CW",1110.53,0,0,0,"A"
11,26609,26-JUN-2026 09:00:00,"LN","dcs","CW",1301.92,0,0,0,"B"
11,26604,25-JUN-2026 23:15:00,"LN","dcs","CB",0,1299.76,0,1295.27,"B"
11,26603,25-JUN-2026 23:10:00,"LN","dcs","CB",0,1297.27,0,1294.29,"A"
10,26602,25-JUN-2026 23:05:00,"LN","dcs","CB",0,1306.53,0,1292.56,"B"
10,26601,25-JUN-2026 23:00:00,"LN","dcs","CB",0,1303.27,0,1291.22,"A"
11,26600,25-JUN-2026 19:00:00,"LN","dcs","CB",0,1301.13,1303.82,1298,"A"
10,26599,25-JUN-2026 19:00:00,"LN","dcs","CB",0,1313.2,1317.53,1309.24,"A"
11,26598,25-JUN-2026 17:35:00,"LN","dcs","CB",0,1313.6,1309.24,1304.96,"B"
10,26597,25-JUN-2026 17:25:00,"LN","dcs","CB",0,1314.13,1320.24,1313.4,"B"
10,26596,25-JUN-2026 10:00:00,"LN","dcs","CW",1297.81,0,0,0,"B"
10,26595,25-JUN-2026 09:35:00,"LN","dcs","CB",0,1289.96,0,1297.53,"B"
11,26594,25-JUN-2026 09:20:00,"LN","dcs","CB",0,1313.38,0,1304.64,"B"
11,26592,25-JUN-2026 07:50:00,"LN","dcs","CB",0,1307.49,0,1307,"A"
10,26593,25-JUN-2026 07:30:00,"LN","dcs","CB",0,1317.62,0,1313,"A"
11,26591,24-JUN-2026 23:15:00,"LN","dcs","CB",0,1296.93,1290.69,1293.07,"B"
11,26590,24-JUN-2026 23:10:00,"LN","dcs","CB",0,1303.76,1310.18,1302.24,"A"
10,26589,24-JUN-2026 23:05:00,"LN","dcs","CB",0,1303.69,1312.13,1302.29,"B"
10,26588,24-JUN-2026 23:00:00,"LN","dcs","CB",0,1317.53,1304.49,1312.16,"A"
10,26587,24-JUN-2026 18:20:00,"LN","dcs","CB",0,1309.13,1315.93,1317.33,"B"
11,26586,24-JUN-2026 17:00:00,"LN","dcs","CB",0,1303.13,1297.84,1297.98,"B"
11,26585,24-JUN-2026 16:50:00,"LN","dcs","CB",0,1308.71,1314.62,1311.51,"A"
10,26584,24-JUN-2026 16:25:00,"LN","dcs","CB",0,1310.93,1317.24,1318.04,"A"
11,26583,24-JUN-2026 11:30:00,"LN","dcs","CW",1292.75,0,0,0,"B"
10,26582,24-JUN-2026 09:25:00,"LN","dcs","CB",0,1302.84,1285.58,1302.49,"A"
11,26581,24-JUN-2026 07:55:00,"LN","dcs","CB",0,1311.07,1308.87,1307.42,"B"
11,26580,24-JUN-2026 07:50:00,"LN","dcs","CB",0,1317.16,1329.56,1323.69,"A"
10,26579,24-JUN-2026 07:35:00,"LN","dcs","CB",0,1312.09,1326.02,1319.33,"B"
11,26578,23-JUN-2026 23:15:00,"LN","dcs","CB",0,1308,1300.98,1301.56,"B"
11,26577,23-JUN-2026 23:10:00,"LN","dcs","CB",0,1306.93,1310.71,1306.6,"A"
10,26576,23-JUN-2026 23:05:00,"LN","dcs","CB",0,1305.11,1314.82,1313.8,"B"
10,26575,23-JUN-2026 23:00:00,"LN","dcs","CB",0,1306.47,1320.13,1298.31,"A"
10,26565,23-JUN-2026 20:35:00,"LN","dcs","CB",0,1315.27,1325.42,1317.67,"B"
11,26574,23-JUN-2026 18:45:00,"LN","dcs","CB",0,1313.62,0,1309.96,"B"
11,26573,23-JUN-2026 18:00:00,"LN","dcs","CB",0,1298.04,36.71,1301.33,"A"
10,26572,23-JUN-2026 17:30:00,"LN","dcs","CB",0,1308.18,0,1317.2,"B"
10,26571,23-JUN-2026 17:00:00,"LN","dcs","CB",0,1305.96,0,1302.2,"A"
10,26570,23-JUN-2026 10:40:00,"LN","dcs","CW",1284.49,0,0,0,"B"
10,26569,23-JUN-2026 10:00:00,"LN","dcs","CW",1291.26,0,0,0,"B"
11,26566,23-JUN-2026 09:55:00,"LN","dcs","CB",0,1313.49,1314.22,1311.69,"B"
10,26568,23-JUN-2026 09:40:00,"LN","dcs","CW",1296.8,0,0,0,"B"
10,26567,23-JUN-2026 09:00:00,"LN","dcs","CW",1299.26,0,0,0,"B"
11,26564,23-JUN-2026 07:50:00,"LN","dcs","CB",0,1307.89,1319.51,1309.91,"A"
10,26563,23-JUN-2026 07:30:00,"LN","dcs","CB",0,1319.11,1330.27,1307.87,"A"
11,26562,22-JUN-2026 23:15:00,"LN","dcs","CB",0,1307.78,1304.67,1307.6,"B"
11,26561,22-JUN-2026 23:10:00,"LN","dcs","CB",0,1302.87,1309.18,1303.89,"A"
10,26560,22-JUN-2026 23:05:00,"LN","dcs","CB",0,1306.44,1304.22,1302.98,"B"
10,26559,22-JUN-2026 23:00:00,"LN","dcs","CB",0,1319.16,1316.82,1303.33,"A"
11,26558,22-JUN-2026 18:10:00,"LN","dcs","CB",0,1311.22,0,1306.38,"B"
10,26556,22-JUN-2026 18:10:00,"LN","dcs","CB",0,1316.49,0,1312.69,"B"
10,26555,22-JUN-2026 18:00:00,"LN","dcs","CB",0,1310.98,609.53,1304.58,"A"
11,26557,22-JUN-2026 18:00:00,"LN","dcs","CB",0,1303.49,600.24,1305.73,"A"
10,26554,22-JUN-2026 11:00:00,"LN","dcs","CW",1275.35,0,0,0,"B"
10,26553,22-JUN-2026 10:00:00,"LN","dcs","CW",1314.12,0,0,0,"A"
11,26550,22-JUN-2026 09:45:00,"LN","dcs","CB",0,1315.84,1332.24,1319,"A"
11,26552,22-JUN-2026 09:40:00,"LN","dcs","CW",1121.2,0,0,0,"A"
10,26549,22-JUN-2026 09:30:00,"LN","dcs","CB",0,1317.98,1328.02,1308,"A"
11,26551,22-JUN-2026 09:00:00,"LN","dcs","CW",1125.33,0,0,0,"A"
11,26547,22-JUN-2026 07:55:00,"LN","dcs","CB",0,1309.33,1313.13,1289.16,"B"
10,26548,22-JUN-2026 07:35:00,"LN","dcs","CB",0,1313.49,1322.2,1311.07,"B"
11,26546,21-JUN-2026 23:15:00,"LN","dcs","CB",0,1315.2,0,1308.16,"B"
11,26545,21-JUN-2026 23:10:00,"LN","dcs","CB",0,1309.11,0,1306.11,"A"
10,26544,21-JUN-2026 23:05:00,"LN","dcs","CB",0,1309.49,0,1312.04,"B"
10,26543,21-JUN-2026 23:00:00,"LN","dcs","CB",0,1310.93,0,1301.36,"A"
11,26542,21-JUN-2026 18:15:00,"LN","dcs","CB",0,1317.84,1308.6,1310.87,"B"
11,26541,21-JUN-2026 18:10:00,"LN","dcs","CB",0,1310.07,1315.16,1311.42,"A"
10,26540,21-JUN-2026 18:05:00,"LN","dcs","CB",0,1311.38,1320.36,1317.4,"B"
10,26539,21-JUN-2026 18:00:00,"LN","dcs","CB",0,1307.36,1312.36,1304.16,"A"
11,26537,21-JUN-2026 07:55:00,"LN","dcs","CB",0,1323.82,0,1311.53,"B"
11,26536,21-JUN-2026 07:50:00,"LN","dcs","CB",0,1299.33,0,1294.38,"A"
10,26538,21-JUN-2026 07:35:00,"LN","dcs","CB",0,1312.84,0,1316.76,"B"
10,26535,21-JUN-2026 07:30:00,"LN","dcs","CB",0,1299.58,0,1298.09,"A"
11,26533,20-JUN-2026 23:40:00,"LN","dcs","CB",0,1303.8,1291.84,1303.44,"B"
11,26534,20-JUN-2026 23:20:00,"LN","dcs","CB",0,1302.96,1308.16,1305.16,"A"
10,26531,20-JUN-2026 23:00:00,"LN","dcs","CB",0,1298.51,1306.96,1303.33,"A"
10,26532,20-JUN-2026 23:00:00,"LN","dcs","CB",0,1299.16,1309.16,1313.76,"B"
11,26530,20-JUN-2026 18:45:00,"LN","dcs","CB",0,1293.82,1298.22,1294.38,"A"
11,26528,20-JUN-2026 18:15:00,"LN","dcs","CB",0,1299.16,1301.87,1286.73,"B"
10,26527,20-JUN-2026 18:00:00,"LN","dcs","CB",0,1305.78,1316.67,1312.67,"B"
11,26524,20-JUN-2026 10:15:00,"LN","dcs","CB",0,1310.18,1304.36,1301.56,"B"
11,26523,20-JUN-2026 10:10:00,"LN","dcs","CB",0,1306.58,1316.58,1305.78,"A"
10,26525,20-JUN-2026 10:05:00,"LN","dcs","CB",0,1307.07,1316.96,1313.04,"B"
10,26522,20-JUN-2026 10:00:00,"LN","dcs","CB",0,1315.8,1312.22,1296.33,"A"
11,26526,20-JUN-2026 10:00:00,"LN","dcs","CW",1312.13,0,0,0,"A"
10,26529,20-JUN-2026 06:30:00,"LN","dcs","CB",0,1311.29,1314.76,1307.98,"A"
11,26521,19-JUN-2026 23:55:00,"LN","dcs","CB",0,1312.53,1302.89,1306.73,"B"
11,26520,19-JUN-2026 23:50:00,"LN","dcs","CB",0,1310.82,1324.51,1318.87,"A"
10,26519,19-JUN-2026 23:45:00,"LN","dcs","CB",0,1308.84,1311.36,1308.49,"B"
10,26518,19-JUN-2026 23:40:00,"LN","dcs","CB",0,1308.42,1314.11,1311.4,"A"
11,26517,19-JUN-2026 19:35:00,"LN","dcs","CB",0,1310.8,1305.38,1301.91,"B"
10,26516,19-JUN-2026 18:35:00,"LN","dcs","CB",0,1313.93,1324.96,1310.36,"A"
10,26515,19-JUN-2026 18:30:00,"LN","dcs","CB",0,1313.27,1321.29,1323.78,"B"
11,26514,19-JUN-2026 17:40:00,"LN","dcs","CB",0,1316,1325.6,1323.56,"A"
11,26513,19-JUN-2026 10:00:00,"LN","dcs","CW",1123.24,0,0,0,"A"
11,26512,19-JUN-2026 07:15:00,"LN","dcs","CB",0,1314.02,1302.6,1297.67,"B"
11,26511,19-JUN-2026 07:10:00,"LN","dcs","CB",0,1310.31,1312.07,1304.8,"A"
10,26510,19-JUN-2026 07:05:00,"LN","dcs","CB",0,1305.36,1308.09,1304.24,"B"
10,26509,19-JUN-2026 07:00:00,"LN","dcs","CB",0,1314.89,1314.8,1304.98,"A"
11,26508,18-JUN-2026 23:55:00,"LN","dcs","CB",0,1315.49,1313.22,1315.16,"B"
11,26507,18-JUN-2026 23:50:00,"LN","dcs","CB",0,1313.58,1317.6,1317.33,"A"
10,26506,18-JUN-2026 23:45:00,"LN","dcs","CB",0,1310.2,1311.44,1310.22,"B"
10,26505,18-JUN-2026 23:40:00,"LN","dcs","CB",0,1302.58,1307.84,1301.44,"A"
10,26504,18-JUN-2026 19:30:00,"LN","dcs","CB",0,1309.76,1315.62,1308.27,"A"
11,26503,18-JUN-2026 17:55:00,"LN","dcs","CB",0,1316.78,1299.87,1299.71,"B"
11,26501,18-JUN-2026 17:50:00,"LN","dcs","CB",0,1317.98,1327.38,1310.13,"A"
10,26502,18-JUN-2026 17:35:00,"LN","dcs","CB",0,1322.18,1307.33,1301.78,"B"
11,26500,18-JUN-2026 10:15:00,"LN","dcs","CB",0,1308.36,1305.62,1304.04,"B"
11,26499,18-JUN-2026 10:10:00,"LN","dcs","CB",0,1302.98,1317.36,1315.02,"A"
10,26498,18-JUN-2026 10:05:00,"LN","dcs","CB",0,1306.6,1313.33,1301.8,"B"
10,26497,18-JUN-2026 10:00:00,"LN","dcs","CB",0,1301.49,1306.13,1301.18,"A"
11,26496,17-JUN-2026 23:55:00,"LN","dcs","CB",0,1308.09,1303.18,1308.64,"B"
11,26495,17-JUN-2026 23:50:00,"LN","dcs","CB",0,1312.53,1320.47,1318.33,"A"
10,26494,17-JUN-2026 23:45:00,"LN","dcs","CB",0,1301.71,1307.53,1309.53,"B"
10,26493,17-JUN-2026 23:40:00,"LN","dcs","CB",0,1302.38,1309.42,1301.36,"A"
10,26492,17-JUN-2026 19:05:00,"LN","dcs","CB",0,1327.96,1324.96,1307.91,"B"
11,26491,17-JUN-2026 17:55:00,"LN","dcs","CB",0,1317.78,1314.02,1310.8,"B"
11,26490,17-JUN-2026 17:50:00,"LN","dcs","CB",0,1313.11,1324.51,1316.56,"A"
10,26489,17-JUN-2026 17:30:00,"LN","dcs","CB",0,1308.36,1311.64,1303.22,"A"
11,26488,17-JUN-2026 10:05:00,"LN","dcs","CB",0,1305.84,1309.2,1309,"A"
10,26487,17-JUN-2026 10:00:00,"LN","dcs","CB",0,1320.93,1316.8,1311.56,"A"
11,26486,17-JUN-2026 07:40:00,"LN","dcs","CB",0,1307.38,1298.56,1300.22,"B"
10,26485,17-JUN-2026 07:00:00,"LN","dcs","CB",0,1306.91,1305.78,1293.6,"B"
11,26484,16-JUN-2026 23:55:00,"LN","dcs","CB",0,1312.13,1311.11,1311.04,"B"
11,26483,16-JUN-2026 23:50:00,"LN","dcs","CB",0,1305.51,1314.91,1312.27,"A"
10,26482,16-JUN-2026 23:45:00,"LN","dcs","CB",0,1307.53,1307.04,1309.09,"B"
10,26481,16-JUN-2026 23:40:00,"LN","dcs","CB",0,1307.42,1310.44,1304.84,"A"
10,26471,16-JUN-2026 22:05:00,"LN","dcs","CB",0,1302.18,0,1297.09,"B"
11,26480,16-JUN-2026 20:10:00,"LN","dcs","CB",0,1301.51,0,1298.24,"B"
11,26477,16-JUN-2026 17:50:00,"LN","dcs","CB",0,1308.96,0,1308.18,"A"
10,26479,16-JUN-2026 17:35:00,"LN","dcs","CB",0,1314.82,0,1299.96,"B"
10,26478,16-JUN-2026 17:30:00,"LN","dcs","CB",0,1315.02,0,1304.11,"A"
11,26476,16-JUN-2026 11:00:00,"LN","dcs","CW",1303.95,0,0,0,"B"
11,26473,16-JUN-2026 10:15:00,"LN","dcs","CB",0,1300.04,0,1301.31,"B"
11,26474,16-JUN-2026 10:15:00,"LN","dcs","CB",0,1300.04,0,1301.31,"B"
11,26472,16-JUN-2026 10:10:00,"LN","dcs","CB",0,1300.82,0,1304,"A"
10,26475,16-JUN-2026 10:00:00,"LN","dcs","CW",1324.08,0,0,0,"B"
10,26470,16-JUN-2026 10:00:00,"LN","dcs","CB",0,1308.84,0,1291.96,"A"
11,26469,15-JUN-2026 23:55:00,"LN","dcs","CB",0,1305.91,1311.09,1301.56,"B"
11,26468,15-JUN-2026 23:50:00,"LN","dcs","CB",0,1305.44,1311.38,1305.69,"A"
10,26467,15-JUN-2026 23:45:00,"LN","dcs","CB",0,1301.67,1306,1301.42,"B"
10,26466,15-JUN-2026 23:40:00,"LN","dcs","CB",0,1300.16,1309.84,1302.91,"A"
10,26465,15-JUN-2026 18:35:00,"LN","dcs","CB",0,1306.98,1306.16,1303.13,"B"
11,26464,15-JUN-2026 17:55:00,"LN","dcs","CB",0,1301.18,1301.24,1303.64,"B"
11,26462,15-JUN-2026 17:50:00,"LN","dcs","CB",0,1310.64,1316.56,1306.93,"A"
10,26463,15-JUN-2026 17:30:00,"LN","dcs","CB",0,1301.76,1308.07,1300.64,"A"
11,26461,15-JUN-2026 11:40:00,"LN","dcs","CW",1208.42,0,0,0,"A"
11,26460,15-JUN-2026 10:40:00,"LN","dcs","CW",1122.46,0,0,0,"A"
10,26459,15-JUN-2026 10:00:00,"LN","dcs","CW",1279.67,0,0,0,"A"
11,26458,15-JUN-2026 09:35:00,"LN","dcs","CB",0,1311.18,1288.22,1294.11,"B"
11,26457,15-JUN-2026 09:30:00,"LN","dcs","CB",0,1301.31,1312.13,1303.93,"A"
10,26456,15-JUN-2026 07:05:00,"LN","dcs","CB",0,1305.96,1303.11,1293.42,"B"
10,26455,15-JUN-2026 07:00:00,"LN","dcs","CB",0,1303.98,1302.67,1298.89,"A"
10,26451,14-JUN-2026 23:00:00,"LN","dcs","CB",0,1305.56,1314.18,1303.18,"A"
10,26452,14-JUN-2026 23:00:00,"LN","dcs","CB",0,1296.27,1293.58,1289.82,"B"
11,26453,14-JUN-2026 23:00:00,"LN","dcs","CB",0,1305.31,1306.62,1311.56,"A"
11,26445,14-JUN-2026 22:10:00,"LN","dcs","CB",0,1297.64,1313.2,1307.09,"A"
11,26450,14-JUN-2026 17:55:00,"LN","dcs","CB",0,1306.27,1299.53,1298.98,"B"
11,26448,14-JUN-2026 17:50:00,"LN","dcs","CB",0,1292.47,1298.33,1291.53,"A"
10,26449,14-JUN-2026 17:35:00,"LN","dcs","CB",0,1306.87,1307.29,1298.11,"B"
10,26447,14-JUN-2026 17:30:00,"LN","dcs","CB",0,1304.13,1309.27,1301.78,"A"
11,26454,14-JUN-2026 11:10:00,"LN","dcs","CB",0,1310.8,1304.78,1303.31,"B"
11,26446,14-JUN-2026 10:15:00,"LN","dcs","CB",0,1304.53,1300.24,1297.02,"B"
10,26444,14-JUN-2026 10:05:00,"LN","dcs","CB",0,1299.51,1305.64,1293.13,"B"
10,26443,14-JUN-2026 10:00:00,"LN","dcs","CB",0,1304.53,1307.18,1292.02,"A"
10,26440,13-JUN-2026 23:00:00,"LN","dcs","CB",0,1298.49,1304.58,1300.89,"B"
10,26442,13-JUN-2026 23:00:00,"LN","dcs","CB",0,1302.69,1304.29,1295,"A"
11,26439,13-JUN-2026 23:00:00,"LN","dcs","CB",0,1311.16,1315.8,1313.13,"A"
10,26438,13-JUN-2026 23:00:00,"LN","dcs","CB",0,1311.16,1315.8,1313.13,"A"
11,26441,13-JUN-2026 23:00:00,"LN","dcs","CB",0,1316.33,1311.07,1311.38,"B"
11,26437,13-JUN-2026 18:15:00,"LN","dcs","CB",0,1318.36,1305.84,1299,"B"
11,26436,13-JUN-2026 18:10:00,"LN","dcs","CB",0,1314.18,1317.73,1307.64,"A"
10,26435,13-JUN-2026 18:05:00,"LN","dcs","CB",0,1296.42,1296.73,1286.07,"B"
10,26434,13-JUN-2026 18:00:00,"LN","dcs","CB",0,1302.84,1311.36,1289.78,"A"
11,26432,13-JUN-2026 10:40:00,"LN","dcs","CW",1306.91,0,0,0,"A"
10,26433,13-JUN-2026 10:00:00,"LN","dcs","CW",1318.89,0,0,0,"A"
11,26430,13-JUN-2026 09:00:00,"LN","dcs","CB",0,1314.09,1303.36,1310.02,"B"
11,26429,13-JUN-2026 08:30:00,"LN","dcs","CB",0,1306.44,1299.24,1295.69,"A"
10,26428,13-JUN-2026 08:00:00,"LN","dcs","CB",0,1302.09,1305.71,1298.02,"B"
10,26427,13-JUN-2026 07:30:00,"LN","dcs","CB",0,1289.82,1305.31,1305.47,"A"
10,26425,12-JUN-2026 23:00:00,"LN","dcs","CB",0,1311.18,1314.42,1307.07,"B"
10,26423,12-JUN-2026 23:00:00,"LN","dcs","CB",0,1293.56,1303.4,1294.87,"A"
11,26424,12-JUN-2026 23:00:00,"LN","dcs","CB",0,1316.6,1324.27,1310.64,"A"
11,26426,12-JUN-2026 23:00:00,"LN","dcs","CB",0,1320.2,1314.91,1311.02,"B"
11,26422,12-JUN-2026 17:15:00,"LN","dcs","CB",0,1319.87,1316.4,1318.07,"B"
11,26421,12-JUN-2026 17:10:00,"LN","dcs","CB",0,1319.22,1323.6,1318.51,"A"
10,26420,12-JUN-2026 17:05:00,"LN","dcs","CB",0,1315.89,1321.24,1293.8,"B"
10,26419,12-JUN-2026 17:00:00,"LN","dcs","CB",0,1306.13,1319.56,1302.62,"A"
10,26418,12-JUN-2026 11:40:00,"LN","dcs","CW",1302.29,0,0,0,"A"
10,26417,12-JUN-2026 11:00:00,"LN","dcs","CW",1309.27,0,0,0,"A"
11,26416,12-JUN-2026 08:45:00,"LN","dcs","CB",0,1314.78,1315.89,1311.31,"B"
11,26415,12-JUN-2026 08:40:00,"LN","dcs","CB",0,1315.78,1320.07,1313.89,"A"
10,26414,12-JUN-2026 08:35:00,"LN","dcs","CB",0,1305.49,1312.89,1304.71,"B"
10,26413,12-JUN-2026 08:30:00,"LN","dcs","CB",0,1309.09,1321,1313.82,"A"
11,26412,11-JUN-2026 23:55:00,"LN","dcs","CB",0,1314.11,1308.56,1305.69,"B"
10,26410,11-JUN-2026 23:55:00,"LN","dcs","CB",0,1314.58,1322.82,1318.51,"B"
10,26409,11-JUN-2026 23:50:00,"LN","dcs","CB",0,1304.82,1310.98,1302,"A"
11,26411,11-JUN-2026 23:50:00,"LN","dcs","CB",0,1309.49,1312.13,1309.87,"A"
11,26408,11-JUN-2026 17:15:00,"LN","dcs","CB",0,1302.56,1291.13,1286.02,"B"
11,26407,11-JUN-2026 17:10:00,"LN","dcs","CB",0,1300.64,1309.16,1309.8,"A"
10,26406,11-JUN-2026 17:05:00,"LN","dcs","CB",0,1312.02,1316.42,1319.76,"B"
10,26405,11-JUN-2026 17:00:00,"LN","dcs","CB",0,1298.71,1308.07,1298.04,"A"
11,26404,11-JUN-2026 11:00:00,"LN","dcs","CW",1303.33,0,0,0,"B"
10,26403,11-JUN-2026 10:00:00,"LN","dcs","CW",1316.17,0,0,0,"A"
11,26402,11-JUN-2026 09:00:00,"LN","dcs","CB",0,1298.22,1313.38,1308.67,"A"
10,26401,11-JUN-2026 08:25:00,"LN","dcs","CB",0,1313.07,1320.42,1315.2,"A"
11,26400,11-JUN-2026 07:30:00,"LN","dcs","CB",0,1318.22,1312.51,1315.38,"B"
10,26399,11-JUN-2026 07:00:00,"LN","dcs","CB",0,1304.27,1313.4,1319.02,"B"
11,26396,10-JUN-2026 23:00:00,"LN","dcs","CB",0,1315.69,1321.04,1309.98,"A"
11,26398,10-JUN-2026 23:00:00,"LN","dcs","CB",0,1312.11,1311.71,1311.91,"B"
10,26395,10-JUN-2026 23:00:00,"LN","dcs","CB",0,1297.24,1313.2,1297.16,"A"
10,26397,10-JUN-2026 23:00:00,"LN","dcs","CB",0,1302.11,1316.11,1307.62,"B"
11,26394,10-JUN-2026 18:15:00,"LN","dcs","CB",0,1298.16,1291.27,1291.69,"B"
11,26393,10-JUN-2026 18:10:00,"LN","dcs","CB",0,1301.02,1302.69,1295.91,"A"
10,26392,10-JUN-2026 18:05:00,"LN","dcs","CB",0,1306.16,1314.67,1305.87,"B"
10,26391,10-JUN-2026 18:00:00,"LN","dcs","CB",0,1299.58,1310.24,1293.4,"A"
10,26390,10-JUN-2026 10:30:00,"LN","dcs","CB",0,1295.33,1304.58,1294.6,"A"
10,26431,10-JUN-2026 10:00:00,"LN","dcs","CW",1318.89,0,0,0,"A"
11,26375,10-JUN-2026 10:00:00,"LN","dcs","CW",1329.15,0,0,0,"A"
11,26389,10-JUN-2026 10:00:00,"LN","dcs","CB",0,1311.93,1326.91,1322.47,"A"
11,26388,10-JUN-2026 08:30:00,"LN","dcs","CB",0,1322.87,1314.93,1319.13,"B"
10,26387,10-JUN-2026 08:00:00,"LN","dcs","CB",0,1301,1305.49,1307.29,"B"
10,26384,09-JUN-2026 23:55:00,"LN","dcs","CB",0,1306.38,1315.38,1306.49,"B"
11,26386,09-JUN-2026 23:55:00,"LN","dcs","CB",0,1318.89,1319.49,1315.18,"B"
10,26383,09-JUN-2026 23:50:00,"LN","dcs","CB",0,1295.11,1298.64,1292.31,"A"
11,26385,09-JUN-2026 23:50:00,"LN","dcs","CB",0,1306.53,1312.64,1306.47,"A"
11,26382,09-JUN-2026 20:15:00,"LN","dcs","CB",0,1315.36,1310.24,1304.09,"B"
11,26381,09-JUN-2026 20:10:00,"LN","dcs","CB",0,1312.49,1325.29,1323.76,"A"
10,26380,09-JUN-2026 20:05:00,"LN","dcs","CB",0,1298.73,1308.49,1302.78,"B"
10,26379,09-JUN-2026 20:00:00,"LN","dcs","CB",0,1285.58,1299,1286.18,"A"
11,26376,09-JUN-2026 10:40:00,"LN","dcs","CW",1325.56,0,0,0,"A"
11,26377,09-JUN-2026 10:00:00,"LN","dcs","CW",1325.56,0,0,0,"A"
11,26378,09-JUN-2026 10:00:00,"LN","dcs","CW",1329.15,0,0,0,"A"
10,26654,09-JUN-2026 09:20:00,"LN","dcs","CW",1289.31,0,0,0,"A"
11,26625,09-JUN-2026 09:00:00,"LN","dcs","CW",1316.89,0,0,0,"B"
10,26374,09-JUN-2026 08:30:00,"LN","dcs","CB",0,1302.6,1307.47,1306.78,"B"
11,26373,09-JUN-2026 07:35:00,"LN","dcs","CB",0,1311.51,1307.48,1306.89,"B"
11,26372,09-JUN-2026 07:15:00,"LN","dcs","CB",0,1304.46,1313.28,1308.24,"A"
10,26371,09-JUN-2026 07:00:00,"LN","dcs","CB",0,1296.91,1306.92,1301.11,"A"
11,26370,08-JUN-2026 23:00:00,"LN","dcs","CB",0,1304.78,1299.88,1301.2,"B"
10,26369,08-JUN-2026 23:00:00,"LN","dcs","CB",0,1301.59,1307.03,1306.26,"B"
11,26368,08-JUN-2026 23:00:00,"LN","dcs","CB",0,1296.06,1304.79,1297.31,"A"
10,26367,08-JUN-2026 23:00:00,"LN","dcs","CB",0,1282.78,1289.72,1290.91,"A"
11,26366,08-JUN-2026 18:15:00,"LN","dcs","CB",0,1299.87,1305.18,1293.47,"B"
10,26364,08-JUN-2026 18:05:00,"LN","dcs","CB",0,1279.79,1282.12,1283.43,"B"
10,26363,08-JUN-2026 18:00:00,"LN","dcs","CB",0,1278.24,1288.07,1274.33,"A"
11,26362,08-JUN-2026 11:00:00,"LN","dcs","CW",1130.71,0,0,0,"A"
10,26361,08-JUN-2026 10:00:00,"LN","dcs","CW",1295.32,0,0,0,"A"
11,26360,08-JUN-2026 09:50:00,"LN","dcs","CB",0,1307.74,1301.1,1303.9,"B"
11,26359,08-JUN-2026 09:45:00,"LN","dcs","CB",0,1312.1,1317.06,1311.22,"A"
10,26358,08-JUN-2026 09:45:00,"LN","dcs","CB",0,1288.8,1292.68,1285.89,"B"
10,26357,08-JUN-2026 09:40:00,"LN","dcs","CB",0,1288.64,1293.9,1292.69,"A"
11,26365,08-JUN-2026 06:10:00,"LN","dcs","CB",0,1306.55,1308.19,1302.46,"A"
10,26354,07-JUN-2026 23:55:00,"LN","dcs","CB",0,1304.98,1303.34,1306.15,"B"
10,26353,07-JUN-2026 23:55:00,"LN","dcs","CB",0,1294.13,1302.36,1297.04,"A"
11,26356,07-JUN-2026 23:55:00,"LN","dcs","CB",0,1306,1299.01,1300.1,"B"
11,26355,07-JUN-2026 23:55:00,"LN","dcs","CB",0,1301.71,1300.42,1301.88,"A"
11,26352,07-JUN-2026 17:15:00,"LN","dcs","CB",0,1305.96,1301.79,1289.03,"B"
11,26351,07-JUN-2026 17:10:00,"LN","dcs","CB",0,1296.94,1302.77,1298.53,"A"
10,26350,07-JUN-2026 17:05:00,"LN","dcs","CB",0,1297.33,1301.29,1301.51,"B"
10,26349,07-JUN-2026 17:00:00,"LN","dcs","CB",0,1300.58,1302.32,1296.32,"A"
11,26348,07-JUN-2026 08:15:00,"LN","dcs","CB",0,1312.88,1304.84,1305.88,"B"
11,26347,07-JUN-2026 08:10:00,"LN","dcs","CB",0,1300.11,1309.41,1304.13,"A"
10,26346,07-JUN-2026 08:05:00,"LN","dcs","CB",0,1304.43,1308.64,1309.08,"B"
10,26345,07-JUN-2026 08:00:00,"LN","dcs","CB",0,1303.99,1314.48,1309.32,"A"
11,26344,06-JUN-2026 23:15:00,"LN","dcs","CB",0,1304.87,1308.12,1309.17,"B"
11,26343,06-JUN-2026 23:10:00,"LN","dcs","CB",0,1302.92,1305.93,1301.4,"A"
10,26342,06-JUN-2026 23:05:00,"LN","dcs","CB",0,1306.71,1312.01,1302.71,"B"
10,26328,06-JUN-2026 23:05:00,"LN","dcs","CB",0,1308.78,1309.78,1304.47,"B"
10,26341,06-JUN-2026 23:00:00,"LN","dcs","CB",0,1300.62,1305.32,1296.67,"A"
10,26327,06-JUN-2026 23:00:00,"LN","dcs","CB",0,1304.98,1316.91,1295.53,"A"
11,26340,06-JUN-2026 18:30:00,"LN","dcs","CB",0,1310.52,1304.02,1305.88,"B"
11,26339,06-JUN-2026 18:05:00,"LN","dcs","CB",0,1295.56,1304.07,1299.61,"A"
10,26338,06-JUN-2026 18:05:00,"LN","dcs","CB",0,1297.21,1304.76,1303.14,"B"
10,26337,06-JUN-2026 18:00:00,"LN","dcs","CB",0,1298.34,1305.74,1297.57,"A"
11,26336,06-JUN-2026 11:00:00,"LN","dcs","CW",1121.01,0,0,0,"A"
10,26335,06-JUN-2026 10:00:00,"LN","dcs","CW",1333.51,0,0,0,"A"
10,26333,06-JUN-2026 09:15:00,"LN","dcs","CB",0,1308.84,1310.98,1313.49,"B"
11,26334,06-JUN-2026 09:15:00,"LN","dcs","CB",0,1298.31,1294.49,1303.69,"B"
10,26331,06-JUN-2026 09:15:00,"LN","dcs","CB",0,1307.89,1315.69,1306,"A"
11,26332,06-JUN-2026 09:15:00,"LN","dcs","CB",0,1304.2,1310.24,1306.27,"A"
11,26330,05-JUN-2026 23:15:00,"LN","dcs","CB",0,1304.56,1298.87,1299.49,"B"
11,26329,05-JUN-2026 23:10:00,"LN","dcs","CB",0,1295.93,1302.91,1296.13,"A"
11,26326,05-JUN-2026 18:10:00,"LN","dcs","CB",0,1317.63,1311.68,1311.77,"B"
10,26324,05-JUN-2026 18:10:00,"LN","dcs","CB",0,1330.14,1333.42,1326.92,"B"
11,26325,05-JUN-2026 18:00:00,"LN","dcs","CB",0,1308.88,1323.09,1316.11,"A"
10,26323,05-JUN-2026 18:00:00,"LN","dcs","CB",0,1326.5,1338.12,1328.73,"A"
11,26322,05-JUN-2026 11:00:00,"LN","dcs","CW",1314.84,0,0,0,"B"
10,26321,05-JUN-2026 10:00:00,"LN","dcs","CW",1323.65,0,0,0,"B"
11,26320,05-JUN-2026 09:05:00,"LN","dcs","CB",0,1292.96,1291.04,1293.51,"B"
10,26318,05-JUN-2026 09:05:00,"LN","dcs","CB",0,1304.16,1307.71,1303.71,"B"
10,26317,05-JUN-2026 09:00:00,"LN","dcs","CB",0,1293.6,1300.02,1292.87,"A"
11,26319,05-JUN-2026 09:00:00,"LN","dcs","CB",0,1285.84,1298.02,1291.96,"A"
11,26316,04-JUN-2026 23:15:00,"LN","dcs","CB",0,1294.2,1288.31,1290.51,"B"
11,26315,04-JUN-2026 23:10:00,"LN","dcs","CB",0,1304.09,1307.33,1299.69,"A"
10,26314,04-JUN-2026 23:05:00,"LN","dcs","CB",0,1301.71,1304.84,1297.51,"B"
10,26313,04-JUN-2026 23:00:00,"LN","dcs","CB",0,1295.78,1303.89,1291.98,"A"
11,26312,04-JUN-2026 18:10:00,"LN","dcs","CB",0,1292.33,1288.02,1292.31,"B"
10,26310,04-JUN-2026 18:10:00,"LN","dcs","CB",0,1315.71,1320.78,1314.47,"B"
11,26311,04-JUN-2026 18:00:00,"LN","dcs","CB",0,1298.69,1308.36,1306,"A"
10,26309,04-JUN-2026 18:00:00,"LN","dcs","CB",0,1303.62,1313.93,1312.44,"A"
11,26308,04-JUN-2026 10:40:00,"LN","dcs","CW",1312.69,0,0,0,"B"
10,26307,04-JUN-2026 10:00:00,"LN","dcs","CW",1327.9,0,0,0,"B"
10,26304,04-JUN-2026 09:05:00,"LN","dcs","CB",0,1298.49,1303.24,1297.18,"B"
11,26306,04-JUN-2026 09:05:00,"LN","dcs","CB",0,1296.47,1293.44,1278.62,"B"
11,26305,04-JUN-2026 09:00:00,"LN","dcs","CB",0,1287.78,1290.16,1286.27,"A"
10,26303,04-JUN-2026 09:00:00,"LN","dcs","CB",0,1297.58,1305.91,1301.29,"A"
11,26302,03-JUN-2026 23:15:00,"LN","dcs","CB",0,1302.71,1289.93,1294.51,"B"
11,26301,03-JUN-2026 23:10:00,"LN","dcs","CB",0,1290.44,1297.91,1291.2,"A"
10,26300,03-JUN-2026 23:05:00,"LN","dcs","CB",0,1305.04,1312.24,1309.38,"B"
10,26299,03-JUN-2026 23:00:00,"LN","dcs","CB",0,1295.47,1304.84,1292.71,"A"
10,26297,03-JUN-2026 19:00:00,"LN","dcs","CB",0,1304.13,1294.71,1297.51,"B"
11,26298,03-JUN-2026 19:00:00,"LN","dcs","CB",0,1304.13,1294.71,1297.51,"B"
11,26296,03-JUN-2026 18:30:00,"LN","dcs","CB",0,1284.36,1297.31,1296.51,"A"
10,26295,03-JUN-2026 18:00:00,"LN","dcs","CB",0,1313.04,1319.6,1316.22,"B"
10,26294,03-JUN-2026 17:30:00,"LN","dcs","CB",0,1297.78,1300.36,1310.62,"A"
10,26292,03-JUN-2026 10:40:00,"LN","dcs","CW",1309.77,0,0,0,"A"
11,26291,03-JUN-2026 09:20:00,"LN","dcs","CB",0,1299.64,1292.04,1298.93,"B"
11,26293,03-JUN-2026 09:10:00,"LN","dcs","CW",1305.6,0,0,0,"A"
11,26290,03-JUN-2026 09:10:00,"LN","dcs","CB",0,1287.42,1299.82,1294.04,"A"
10,26289,03-JUN-2026 09:05:00,"LN","dcs","CB",0,1305.2,1313.09,1306.07,"B"
10,26288,03-JUN-2026 09:00:00,"LN","dcs","CB",0,1289.2,1296.04,1296.02,"A"
11,26287,02-JUN-2026 23:15:00,"LN","dcs","CB",0,1307.84,1301.64,1304.71,"B"
11,26286,02-JUN-2026 23:10:00,"LN","dcs","CB",0,1305.8,1310.47,1299.11,"A"
10,26285,02-JUN-2026 23:05:00,"LN","dcs","CB",0,1303.09,1302.76,1302.69,"B"
10,26284,02-JUN-2026 23:00:00,"LN","dcs","CB",0,1309.64,1311.42,1297.87,"A"
11,26283,02-JUN-2026 19:20:00,"LN","dcs","CB",0,1287.09,1301.29,1298.07,"A"
11,26282,02-JUN-2026 18:40:00,"LN","dcs","CB",0,1306.78,1300.76,1302.13,"B"
10,26281,02-JUN-2026 18:35:00,"LN","dcs","CB",0,1305.47,1306.07,1302.38,"B"
10,26280,02-JUN-2026 18:30:00,"LN","dcs","CB",0,1311.4,1319.36,1313.16,"A"
11,26279,02-JUN-2026 10:00:00,"LN","dcs","CW",1327.77,0,0,0,"A"
10,26277,02-JUN-2026 08:40:00,"LN","dcs","CB",0,1298.84,1304,1296.64,"B"
10,26275,02-JUN-2026 08:40:00,"LN","dcs","CB",0,1304.51,1313.47,1307.96,"A"
11,26278,02-JUN-2026 08:40:00,"LN","dcs","CB",0,1302.4,1299.87,1298.98,"B"
11,26276,02-JUN-2026 08:40:00,"LN","dcs","CB",0,1292.64,1306.78,1305.33,"A"
11,26274,01-JUN-2026 23:15:00,"LN","dcs","CB",0,1303.53,1300.89,1303.98,"B"
11,26273,01-JUN-2026 23:10:00,"LN","dcs","CB",0,1308.91,1306.36,1300.62,"A"
10,26272,01-JUN-2026 23:05:00,"LN","dcs","CB",0,1295.73,1298.53,1287.71,"B"
10,26271,01-JUN-2026 23:00:00,"LN","dcs","CB",0,1302.71,1298.82,1293.27,"A"
11,26270,01-JUN-2026 17:40:00,"LN","dcs","CB",0,1318.49,1308.29,1310.8,"B"
11,26269,01-JUN-2026 17:35:00,"LN","dcs","CB",0,1293.8,1301.42,1301.51,"A"
10,26268,01-JUN-2026 17:25:00,"LN","dcs","CB",0,1301.47,1306.42,1305.89,"B"
10,26267,01-JUN-2026 17:25:00,"LN","dcs","CB",0,1307.42,1309.67,1303.18,"A"
11,26266,01-JUN-2026 11:00:00,"LN","dcs","CW",1126.09,0,0,0,"A"
10,26265,01-JUN-2026 10:00:00,"LN","dcs","CW",1339.89,0,0,0,"A"
11,26264,01-JUN-2026 08:40:00,"LN","dcs","CB",0,1313.64,1311.16,1294.96,"B"
10,26262,01-JUN-2026 08:40:00,"LN","dcs","CB",0,1293.58,1300.87,1297.8,"B"
11,26263,01-JUN-2026 08:35:00,"LN","dcs","CB",0,1295.8,1310.11,1308.8,"A"
10,26261,01-JUN-2026 08:35:00,"LN","dcs","CB",0,1300.78,1305.47,1295.96,"A"
11,26260,31-MAY-2026 23:15:00,"LN","dcs","CB",0,1310.24,1310.36,1301.4,"B"
11,26259,31-MAY-2026 23:10:00,"LN","dcs","CB",0,1310.31,1307.2,1309.11,"A"
10,26258,31-MAY-2026 23:05:00,"LN","dcs","CB",0,1301.11,1308.67,1307.49,"B"
10,26257,31-MAY-2026 23:00:00,"LN","dcs","CB",0,1308.02,1303.11,1299.82,"A"
10,26254,31-MAY-2026 18:10:00,"LN","dcs","CB",0,1303.38,1312.71,1311.84,"B"
11,26256,31-MAY-2026 18:10:00,"LN","dcs","CB",0,1311.76,1307.33,1304.58,"B"
11,26255,31-MAY-2026 18:00:00,"LN","dcs","CB",0,1313.53,1321.6,1312.38,"A"
10,26253,31-MAY-2026 18:00:00,"LN","dcs","CB",0,1308.27,1312.56,1306.67,"A"
11,26252,31-MAY-2026 08:50:00,"LN","dcs","CB",0,1303.02,1291.98,1298.73,"B"
10,26249,31-MAY-2026 08:50:00,"LN","dcs","CB",0,1306.33,1313.64,1299.02,"A"
11,26251,31-MAY-2026 08:50:00,"LN","dcs","CB",0,1289.76,1300.36,1300.76,"A"
10,26250,31-MAY-2026 08:50:00,"LN","dcs","CB",0,1291.91,1297.87,1291.96,"B"
11,26248,30-MAY-2026 23:55:00,"LN","dcs","CB",0,1319.02,1317.6,1317.31,"B"
11,26247,30-MAY-2026 23:50:00,"LN","dcs","CB",0,1307.53,1315.33,1310.04,"A"
10,26245,30-MAY-2026 23:45:00,"LN","dcs","CB",0,1299.87,1306.78,1304.6,"A"
10,26246,30-MAY-2026 23:45:00,"LN","dcs","CB",0,1305.98,1314.98,1311.64,"B"
10,26242,30-MAY-2026 17:15:00,"LN","dcs","CB",0,1300.91,1313.53,1302.44,"B"
11,26244,30-MAY-2026 17:15:00,"LN","dcs","CB",0,1307.56,1306.69,1304.6,"B"
11,26243,30-MAY-2026 17:10:00,"LN","dcs","CB",0,1304.56,1315.11,1306.44,"A"
10,26241,30-MAY-2026 17:10:00,"LN","dcs","CB",0,1306.89,1311.04,1297.29,"A"
11,26240,30-MAY-2026 10:40:00,"LN","dcs","CW",1316.26,0,0,0,"A"
11,26239,30-MAY-2026 10:20:00,"LN","dcs","CW",1222.04,0,0,0,"A"
10,26238,30-MAY-2026 10:00:00,"LN","dcs","CW",1308,0,0,0,"B"
11,26237,30-MAY-2026 09:05:00,"LN","dcs","CB",0,1305.51,1303.13,1305.04,"B"
11,26236,30-MAY-2026 09:00:00,"LN","dcs","CB",0,1311.91,1324.07,1314.8,"A"
10,26235,30-MAY-2026 08:55:00,"LN","dcs","CB",0,1306.78,1314.84,1313.69,"B"
10,26234,30-MAY-2026 08:50:00,"LN","dcs","CB",0,1306.16,1298.44,1287.24,"A"
11,26233,29-MAY-2026 23:55:00,"LN","dcs","CB",0,1298.96,1299.47,1311.87,"B"
11,26232,29-MAY-2026 23:50:00,"LN","dcs","CB",0,1315.71,1323.64,1320.8,"A"
10,26231,29-MAY-2026 23:50:00,"LN","dcs","CB",0,1315,1325.18,1321.27,"B"
10,26230,29-MAY-2026 23:45:00,"LN","dcs","CB",0,1305.82,1313.04,1309.8,"A"
10,26227,29-MAY-2026 18:05:00,"LN","dcs","CB",0,1291.38,1295.8,1290.67,"B"
11,26229,29-MAY-2026 18:05:00,"LN","dcs","CB",0,1304.42,1303.31,1307,"B"
10,26226,29-MAY-2026 18:00:00,"LN","dcs","CB",0,1294.04,1295.71,1287.89,"A"
11,26228,29-MAY-2026 18:00:00,"LN","dcs","CB",0,1295.51,1305.31,1298,"A"
11,26225,29-MAY-2026 11:00:00,"LN","dcs","CW",1322.15,0,0,0,"B"
11,26224,29-MAY-2026 10:20:00,"LN","dcs","CW",1134.56,0,0,0,"A"
10,26223,29-MAY-2026 10:00:00,"LN","dcs","CW",1309.45,0,0,0,"A"
11,26222,29-MAY-2026 09:40:00,"LN","dcs","CB",0,1303.64,1301.18,1294.76,"B"
11,26221,29-MAY-2026 09:35:00,"LN","dcs","CB",0,1294.89,1299.56,1297.56,"A"
10,26220,29-MAY-2026 09:30:00,"LN","dcs","CB",0,1296.07,1296.67,1291.76,"B"
10,26219,29-MAY-2026 09:25:00,"LN","dcs","CB",0,1297.29,1303.38,1291.09,"A"
11,26218,28-MAY-2026 23:55:00,"LN","dcs","CB",0,1311.53,1312.62,1311.71,"B"
10,26216,28-MAY-2026 23:50:00,"LN","dcs","CB",0,1312.16,1318.2,1316.51,"B"
11,26217,28-MAY-2026 23:50:00,"LN","dcs","CB",0,1320.98,1332.07,1326.04,"A"
10,26215,28-MAY-2026 23:45:00,"LN","dcs","CB",0,1318.8,1321.89,1311.64,"A"
10,26212,28-MAY-2026 18:05:00,"LN","dcs","CB",0,1303.27,1303.96,1283.89,"B"
11,26214,28-MAY-2026 18:05:00,"LN","dcs","CB",0,1298.84,1294.13,1298.71,"B"
11,26213,28-MAY-2026 18:00:00,"LN","dcs","CB",0,1294.2,1303.8,1302.62,"A"
10,26211,28-MAY-2026 18:00:00,"LN","dcs","CB",0,1294.49,1301.44,1293.38,"A"
10,26210,28-MAY-2026 11:00:00,"LN","dcs","CW",1315.54,0,0,0,"B"
10,26209,28-MAY-2026 10:40:00,"LN","dcs","CW",1298,0,0,0,"B"
10,26206,28-MAY-2026 10:20:00,"LN","dcs","CB",0,1306.02,1299.8,1301.82,"B"
11,26207,28-MAY-2026 10:15:00,"LN","dcs","CB",0,1304.67,1307.49,1299.47,"B"
11,26205,28-MAY-2026 10:10:00,"LN","dcs","CB",0,1310.38,1318.98,1314.24,"A"
10,26204,28-MAY-2026 10:05:00,"LN","dcs","CB",0,1306.02,1299.8,1301.82,"A"
10,26203,28-MAY-2026 10:00:00,"LN","dcs","CB",0,1291.02,1295.56,1288.6,"A"
10,26208,28-MAY-2026 09:00:00,"LN","dcs","CW",1307.55,0,0,0,"A"
11,26201,27-MAY-2026 23:55:00,"LN","dcs","CB",0,1300.4,1317.84,1315.96,"A"
11,26202,27-MAY-2026 23:55:00,"LN","dcs","CB",0,1308,1308.93,1309.71,"B"
10,26200,27-MAY-2026 23:50:00,"LN","dcs","CB",0,1309.29,1312.27,1309.27,"B"
10,26199,27-MAY-2026 23:45:00,"LN","dcs","CB",0,1296.24,1305.02,1304.31,"A"
11,26198,27-MAY-2026 18:10:00,"LN","dcs","CB",0,1308.71,1318.42,1303.78,"A"
10,26195,27-MAY-2026 18:05:00,"LN","dcs","CB",0,1294.82,1300.49,1296.76,"B"
11,26197,27-MAY-2026 18:05:00,"LN","dcs","CB",0,1291.49,1291.24,1297.51,"B"
10,26194,27-MAY-2026 18:00:00,"LN","dcs","CB",0,1296.6,1298.67,1292.09,"A"
11,26196,27-MAY-2026 18:00:00,"LN","dcs","CB",0,1296.6,1298.67,1292.09,"A"
10,26193,27-MAY-2026 10:00:00,"LN","dcs","CW",1307.56,0,0,0,"A"
11,26192,27-MAY-2026 09:20:00,"LN","dcs","CB",0,1310.78,1304.56,1311.49,"B"
11,26191,27-MAY-2026 09:15:00,"LN","dcs","CB",0,1301.4,1314.24,1316.62,"A"
10,26190,27-MAY-2026 09:05:00,"LN","dcs","CB",0,1299.13,1301.91,1294.56,"B"
10,26189,27-MAY-2026 09:00:00,"LN","dcs","CB",0,1312.38,1318.44,1306.96,"A"
11,26187,26-MAY-2026 23:55:00,"LN","dcs","CB",0,1306.62,1308.69,1315.04,"B"
11,26188,26-MAY-2026 23:55:00,"LN","dcs","CB",0,1313.58,1323.33,1318.16,"A"
10,26186,26-MAY-2026 23:50:00,"LN","dcs","CB",0,1318.87,1322.47,1319.42,"B"
10,26185,26-MAY-2026 23:45:00,"LN","dcs","CB",0,1302.96,1308.87,1304.02,"A"
10,26182,26-MAY-2026 18:05:00,"LN","dcs","CB",0,1302.09,1311.89,1301.36,"B"
11,26184,26-MAY-2026 18:05:00,"LN","dcs","CB",0,1295.84,1297.44,1303.49,"B"
10,26181,26-MAY-2026 18:00:00,"LN","dcs","CB",0,1294.27,1298.07,1296.82,"A"
11,26183,26-MAY-2026 18:00:00,"LN","dcs","CB",0,1309.62,1322.27,1309.04,"A"
10,26180,26-MAY-2026 10:40:00,"LN","dcs","CW",1312.96,0,0,0,"B"
10,26179,26-MAY-2026 10:00:00,"LN","dcs","CW",1333.57,0,0,0,"B"
11,26178,26-MAY-2026 09:20:00,"LN","dcs","CB",0,1299.89,1299.82,1303.69,"B"
11,26177,26-MAY-2026 09:15:00,"LN","dcs","CB",0,1308.24,1318.98,1303.69,"A"
10,26176,26-MAY-2026 09:05:00,"LN","dcs","CB",0,1280.07,1289.38,1292.76,"B"
10,26175,26-MAY-2026 09:00:00,"LN","dcs","CB",0,1294.67,1305.91,1302.42,"A"
11,26174,25-MAY-2026 23:55:00,"LN","dcs","CB",0,1304.2,1302.02,1303.4,"B"
11,26173,25-MAY-2026 23:55:00,"LN","dcs","CB",0,1299.11,1305.38,1299.8,"A"
10,26172,25-MAY-2026 23:50:00,"LN","dcs","CB",0,1283.11,1301.02,1296.18,"B"
10,26171,25-MAY-2026 23:45:00,"LN","dcs","CB",0,1297.89,1288.96,1290.67,"A"
11,26170,25-MAY-2026 18:30:00,"LN","dcs","CB",0,1287.49,1291.09,1292.2,"B"
11,26169,25-MAY-2026 18:25:00,"LN","dcs","CB",0,1303.93,1313.96,1305.98,"A"
10,26168,25-MAY-2026 17:55:00,"LN","dcs","CB",0,1291.47,1299.44,1295.93,"B"
10,26167,25-MAY-2026 17:50:00,"LN","dcs","CB",0,1301,1289.82,1286.67,"A"
10,26166,25-MAY-2026 09:05:00,"LN","dcs","CB",0,1289.84,1297,1298.91,"B"
10,26165,25-MAY-2026 09:00:00,"LN","dcs","CB",0,1274.98,1290.44,1283.67,"A"
11,26164,25-MAY-2026 08:20:00,"LN","dcs","CB",0,1290.04,1292.29,1297.56,"B"
11,26163,25-MAY-2026 08:15:00,"LN","dcs","CB",0,1304.76,1316.93,1310.2,"A"
10,26162,25-MAY-2026 08:05:00,"LN","dcs","CB",0,1278.78,1290.96,1283.71,"B"
10,26161,25-MAY-2026 08:00:00,"LN","dcs","CB",0,1271.2,1282.98,1273.78,"A"
10,26157,24-MAY-2026 23:00:00,"LN","dcs","CB",0,1307.4,1321.02,1315.91,"A"
11,26160,24-MAY-2026 23:00:00,"LN","dcs","CB",0,1315.38,1311.42,1311.64,"B"
10,26158,24-MAY-2026 23:00:00,"LN","dcs","CB",0,1294.78,1308.02,1306.44,"B"
11,26159,24-MAY-2026 23:00:00,"LN","dcs","CB",0,1317.42,1325.07,1315.56,"A"
11,26156,24-MAY-2026 08:20:00,"LN","dcs","CB",0,1302.31,1303.44,1306.29,"B"
11,26155,24-MAY-2026 08:15:00,"LN","dcs","CB",0,1312.42,1321.73,1307.31,"A"
10,26154,24-MAY-2026 08:05:00,"LN","dcs","CB",0,1294.09,1303.62,1300.98,"B"
10,26153,24-MAY-2026 08:00:00,"LN","dcs","CB",0,1307.42,1305.16,1297.8,"A"
11,26152,23-MAY-2026 23:50:00,"LN","dcs","CB",0,1303.44,1295.42,1307.2,"B"
11,26151,23-MAY-2026 23:45:00,"LN","dcs","CB",0,1314.73,1323.73,1308.42,"A"
10,26150,23-MAY-2026 23:35:00,"LN","dcs","CB",0,1295.47,1298.8,1296.89,"B"
10,26149,23-MAY-2026 23:30:00,"LN","dcs","CB",0,1287.16,1302,1299.84,"A"
10,26133,23-MAY-2026 23:30:00,"LN","dcs","CB",0,1304.91,1314.13,1310.51,"A"
11,26148,23-MAY-2026 18:45:00,"LN","dcs","CB",0,1306.98,1306.04,1305.67,"B"
11,26147,23-MAY-2026 18:40:00,"LN","dcs","CB",0,1305.11,1313.51,1305.62,"A"
10,26146,23-MAY-2026 18:35:00,"LN","dcs","CB",0,1294.33,1298.18,1292.2,"B"
10,26145,23-MAY-2026 18:30:00,"LN","dcs","CB",0,1286.11,1297.76,1292.16,"A"
10,26143,23-MAY-2026 10:40:00,"LN","dcs","CW",1294.27,0,0,0,"A"
10,26142,23-MAY-2026 10:00:00,"LN","dcs","CW",1293.7,0,0,0,"A"
11,26144,23-MAY-2026 09:00:00,"LN","dcs","CW",1315.07,0,0,0,"A"
11,26141,23-MAY-2026 08:15:00,"LN","dcs","CB",0,1303.84,1306.87,1309.38,"B"
11,26140,23-MAY-2026 08:10:00,"LN","dcs","CB",0,1318.78,1329.36,1323.29,"A"
10,26139,23-MAY-2026 08:05:00,"LN","dcs","CB",0,1318.04,1322.62,1322.53,"B"
10,26138,23-MAY-2026 08:00:00,"LN","dcs","CB",0,1306.04,1316.2,1320.71,"A"
11,26136,22-MAY-2026 23:55:00,"LN","dcs","CB",0,1308.87,1290.96,1292.76,"B"
11,26134,22-MAY-2026 23:50:00,"LN","dcs","CB",0,1307.82,1298.44,1295.22,"A"
10,26135,22-MAY-2026 23:35:00,"LN","dcs","CB",0,1293.89,1304.56,1301.2,"B"
10,26137,22-MAY-2026 23:30:00,"LN","dcs","CB",0,1304.91,1314.13,1310.51,"A"
11,26132,22-MAY-2026 18:45:00,"LN","dcs","CB",0,1310.87,1304.8,1304.91,"B"
11,26131,22-MAY-2026 18:40:00,"LN","dcs","CB",0,1311.11,1316.64,1306.13,"A"
10,26130,22-MAY-2026 18:35:00,"LN","dcs","CB",0,1300.73,1314,1309.53,"B"
10,26129,22-MAY-2026 18:30:00,"LN","dcs","CB",0,1298.22,1303.49,1294.69,"A"
11,26128,22-MAY-2026 10:00:00,"LN","dcs","CW",1298.68,0,0,0,"B"
10,26127,22-MAY-2026 09:30:00,"LN","dcs","CW",1302,0,0,0,"B"
10,26126,22-MAY-2026 09:00:00,"LN","dcs","CW",1293,0,0,0,"B"
11,26125,22-MAY-2026 08:10:00,"LN","dcs","CB",0,1313.2,1312,1310.56,"B"
11,26124,22-MAY-2026 08:10:00,"LN","dcs","CB",0,1313.42,1323.73,1313.6,"A"
10,26123,22-MAY-2026 08:05:00,"LN","dcs","CB",0,1298.76,1308.78,1306.2,"B"
10,26122,22-MAY-2026 08:00:00,"LN","dcs","CB",0,1311.42,1322.53,1317.6,"A"
11,26121,21-MAY-2026 23:55:00,"LN","dcs","CB",0,1298.49,1287.2,1286.96,"B"
11,26119,21-MAY-2026 23:50:00,"LN","dcs","CB",0,1302.96,1307.38,1305.02,"A"
10,26120,21-MAY-2026 23:35:00,"LN","dcs","CB",0,1297.91,1312.78,1315.09,"B"
10,26118,21-MAY-2026 23:30:00,"LN","dcs","CB",0,1313.76,1309.44,1296.18,"A"
10,26105,21-MAY-2026 23:30:00,"LN","dcs","CB",0,1302.78,1303.4,1300.76,"A"
11,26117,21-MAY-2026 18:40:00,"LN","dcs","CB",0,1303.87,1301.53,1300.67,"B"
11,26116,21-MAY-2026 18:35:00,"LN","dcs","CB",0,1302.98,1306.56,1301.67,"A"
10,26115,21-MAY-2026 18:30:00,"LN","dcs","CB",0,1306.09,1302.76,1300.78,"B"
10,26114,21-MAY-2026 18:25:00,"LN","dcs","CB",0,1299.04,1308.56,1300.62,"A"
11,26113,21-MAY-2026 08:55:00,"LN","dcs","CB",0,1304.93,1297.6,1300.29,"B"
11,26112,21-MAY-2026 08:50:00,"LN","dcs","CB",0,1310.71,1317.16,1312.42,"A"
10,26111,21-MAY-2026 08:45:00,"LN","dcs","CB",0,1302.76,1312.29,1313.4,"B"
10,26110,21-MAY-2026 08:40:00,"LN","dcs","CB",0,1300.89,1304.89,1305.38,"A"
11,26107,20-MAY-2026 23:55:00,"LN","dcs","CB",0,1281.36,1276.64,1284.58,"B"
11,26106,20-MAY-2026 23:50:00,"LN","dcs","CB",0,1292.27,1297.07,1293.36,"A"
10,26108,20-MAY-2026 23:35:00,"LN","dcs","CB",0,1291.47,1300.2,1292.96,"B"
10,26109,20-MAY-2026 23:30:00,"LN","dcs","CB",0,1302.78,1303.4,1300.76,"A"
11,26104,20-MAY-2026 18:15:00,"LN","dcs","CB",0,1302.38,1304.62,1298.6,"B"
11,26103,20-MAY-2026 18:10:00,"LN","dcs","CB",0,1306.16,1306.6,1305.13,"A"
10,26102,20-MAY-2026 18:05:00,"LN","dcs","CB",0,1294.16,1285.71,1283.29,"B"
10,26101,20-MAY-2026 18:00:00,"LN","dcs","CB",0,1297.56,1300.49,1296.64,"A"
10,26100,20-MAY-2026 10:20:00,"LN","dcs","CW",1298.7,0,0,0,"A"
10,26099,20-MAY-2026 10:00:00,"LN","dcs","CW",1279.98,0,0,0,"A"
11,26098,20-MAY-2026 08:15:00,"LN","dcs","CB",0,1316.91,1309.49,1306.82,"B"
11,26097,20-MAY-2026 08:10:00,"LN","dcs","CB",0,1304.71,1310.11,1304.36,"A"
10,26096,20-MAY-2026 08:05:00,"LN","dcs","CB",0,1312,1307.13,1304.67,"B"
10,26095,20-MAY-2026 08:00:00,"LN","dcs","CB",0,1300.04,1310.96,1303.33,"A"
11,26094,19-MAY-2026 23:55:00,"LN","dcs","CB",0,1298.76,1299.84,1298.53,"B"
11,26093,19-MAY-2026 23:50:00,"LN","dcs","CB",0,1305.22,1300.47,1303.62,"A"
10,26092,19-MAY-2026 23:35:00,"LN","dcs","CB",0,1305,1309.49,1299.96,"B"
10,26091,19-MAY-2026 23:30:00,"LN","dcs","CB",0,1302.93,1310.51,1296.71,"A"
11,26090,19-MAY-2026 19:05:00,"LN","dcs","CB",0,1298.64,1302.56,1304.87,"B"
11,26089,19-MAY-2026 19:00:00,"LN","dcs","CB",0,1300.16,1297.31,1312.93,"A"
10,26088,19-MAY-2026 18:55:00,"LN","dcs","CB",0,1299.09,1310.16,1305.58,"B"
10,26087,19-MAY-2026 18:50:00,"LN","dcs","CB",0,1307.07,1316.56,1301.02,"A"
10,26084,19-MAY-2026 10:40:00,"LN","dcs","CW",1294.9,0,0,0,"A"
11,26086,19-MAY-2026 10:20:00,"LN","dcs","CW",1125.26,0,0,0,"A"
11,26085,19-MAY-2026 09:40:00,"LN","dcs","CW",1127.85,0,0,0,"A"
11,26083,19-MAY-2026 08:15:00,"LN","dcs","CB",0,1321.51,1316.13,1321,"B"
11,26082,19-MAY-2026 08:10:00,"LN","dcs","CB",0,1312.64,1322.07,1319.6,"A"
10,26081,19-MAY-2026 08:05:00,"LN","dcs","CB",0,1315.36,1318.27,1314.2,"B"
10,26080,19-MAY-2026 08:00:00,"LN","dcs","CB",0,1304.78,1314.42,1314.8,"A"
11,26079,18-MAY-2026 23:55:00,"LN","dcs","CB",0,1301.93,1300.27,1302.93,"B"
11,26077,18-MAY-2026 23:50:00,"LN","dcs","CB",0,1304.42,1312.98,1303.76,"A"
10,26078,18-MAY-2026 23:35:00,"LN","dcs","CB",0,1304.02,1304.89,1303.8,"B"
10,26076,18-MAY-2026 23:30:00,"LN","dcs","CB",0,1301.42,1308.71,1294.47,"A"
11,26075,18-MAY-2026 17:55:00,"LN","dcs","CB",0,1302.4,1299.71,1303.13,"B"
11,26074,18-MAY-2026 17:50:00,"LN","dcs","CB",0,1302.8,1317.18,1312.67,"A"
10,26073,18-MAY-2026 17:45:00,"LN","dcs","CB",0,1298.56,1305.67,1299.84,"B"
10,26072,18-MAY-2026 17:40:00,"LN","dcs","CB",0,1303.04,1305.4,1295.29,"A"
11,26071,18-MAY-2026 11:00:00,"LN","dcs","CW",1321.96,0,0,0,"B"
10,26070,18-MAY-2026 10:40:00,"LN","dcs","CW",1290.92,0,0,0,"B"
10,26069,18-MAY-2026 10:00:00,"LN","dcs","CW",1304.33,0,0,0,"A"
11,26068,18-MAY-2026 08:35:00,"LN","dcs","CB",0,1307.84,1313.82,1312.13,"B"
11,26067,18-MAY-2026 08:30:00,"LN","dcs","CB",0,1309.4,1311.07,1309.62,"A"
10,26066,18-MAY-2026 08:25:00,"LN","dcs","CB",0,1306,1307.4,1302.82,"B"
10,26065,18-MAY-2026 08:20:00,"LN","dcs","CB",0,1305.4,1313,1308.31,"A"
11,26064,17-MAY-2026 23:55:00,"LN","dcs","CB",0,1316.24,1308.62,1313.07,"B"
10,26062,17-MAY-2026 23:55:00,"LN","dcs","CB",0,1297.64,1304.49,1305.69,"B"
11,26063,17-MAY-2026 23:50:00,"LN","dcs","CB",0,1308.69,1313.02,1307.42,"A"
10,26061,17-MAY-2026 23:50:00,"LN","dcs","CB",0,1304.76,1311.09,1303.02,"A"
11,26060,17-MAY-2026 18:15:00,"LN","dcs","CB",0,1308.82,1304.6,1312.02,"B"
11,26059,17-MAY-2026 18:10:00,"LN","dcs","CB",0,1316.62,1316.51,1307.42,"A"
10,26058,17-MAY-2026 18:05:00,"LN","dcs","CB",0,1298.8,1301.76,1291.02,"B"
10,26057,17-MAY-2026 18:00:00,"LN","dcs","CB",0,1290.09,1304.33,1288.24,"A"
10,26054,17-MAY-2026 08:10:00,"LN","dcs","CB",0,1305.62,1308.24,1298.58,"B"
11,26056,17-MAY-2026 08:10:00,"LN","dcs","CB",0,1317.96,1316.13,1314.2,"B"
11,26055,17-MAY-2026 08:00:00,"LN","dcs","CB",0,1311.64,1313.2,1307.62,"A"
10,26053,17-MAY-2026 08:00:00,"LN","dcs","CB",0,1311.22,1322.51,1317.69,"A"
11,26052,16-MAY-2026 23:15:00,"LN","dcs","CB",0,1312.09,1306.44,1304.62,"B"
11,26051,16-MAY-2026 23:10:00,"LN","dcs","CB",0,1303.78,1313.84,1300.58,"A"
10,26050,16-MAY-2026 23:05:00,"LN","dcs","CB",0,1305.64,1309.96,1298.42,"B"
10,26049,16-MAY-2026 23:00:00,"LN","dcs","CB",0,1316.89,1306.58,1295.22,"A"
10,26046,16-MAY-2026 18:45:00,"LN","dcs","CB",0,1318.53,1316.33,1309.84,"B"
10,26045,16-MAY-2026 18:40:00,"LN","dcs","CB",0,1315.49,1316.24,1310.58,"A"
11,26048,16-MAY-2026 18:35:00,"LN","dcs","CB",0,1310.38,1306.11,1310.98,"B"
11,26047,16-MAY-2026 18:30:00,"LN","dcs","CB",0,1308.87,1318.69,1311.8,"A"
10,26044,16-MAY-2026 10:40:00,"LN","dcs","CW",1300.36,0,0,0,"B"
10,26043,16-MAY-2026 10:20:00,"LN","dcs","CW",1283.65,0,0,0,"B"
10,26042,16-MAY-2026 10:00:00,"LN","dcs","CW",1288.95,0,0,0,"B"
10,26041,16-MAY-2026 09:30:00,"LN","dcs","CB",0,1313.62,1317.53,1310.91,"B"
10,26040,16-MAY-2026 09:25:00,"LN","dcs","CB",0,1312.02,1312.47,1303.73,"A"
11,26039,16-MAY-2026 09:25:00,"LN","dcs","CB",0,1309.56,1305.47,1306.38,"B"
11,26038,16-MAY-2026 09:20:00,"LN","dcs","CB",0,1320.24,1324.22,1315.2,"A"
11,26037,15-MAY-2026 23:55:00,"LN","dcs","CB",0,1308.87,0,1306.02,"B"
11,26036,15-MAY-2026 23:50:00,"LN","dcs","CB",0,1304.6,0,1304.44,"A"
10,26035,15-MAY-2026 23:45:00,"LN","dcs","CB",0,1311.71,257.2,1306.44,"B"
10,26034,15-MAY-2026 23:40:00,"LN","dcs","CB",0,1311.78,134.44,1307.73,"A"
11,26033,15-MAY-2026 18:45:00,"LN","dcs","CB",0,1324.8,1321.27,1321.27,"B"
11,26032,15-MAY-2026 18:40:00,"LN","dcs","CB",0,1308.82,1319.93,1311.07,"A"
10,26031,15-MAY-2026 18:35:00,"LN","dcs","CB",0,1315.47,1318.69,1312.62,"B"
10,26030,15-MAY-2026 18:30:00,"LN","dcs","CB",0,1331.16,1340.8,1333.58,"A"
11,26029,15-MAY-2026 11:20:00,"LN","dcs","CW",1283.74,0,0,0,"B"
11,26028,15-MAY-2026 11:00:00,"LN","dcs","CW",1282.83,0,0,0,"B"
11,26027,15-MAY-2026 10:20:00,"LN","dcs","CW",1300.22,0,0,0,"A"
11,26026,15-MAY-2026 10:00:00,"LN","dcs","CW",1113.6,0,0,0,"A"
10,26025,15-MAY-2026 09:20:00,"LN","dcs","CB",0,1322.31,1326.96,1316.29,"A"
10,26022,15-MAY-2026 08:00:00,"LN","dcs","CB",0,1310.82,1327.67,1322.02,"B"
11,26024,15-MAY-2026 07:55:00,"LN","dcs","CB",0,1321.53,1317.62,1323.24,"B"
11,26023,15-MAY-2026 07:50:00,"LN","dcs","CB",0,1335.24,1324.98,1315.76,"A"
11,26021,14-MAY-2026 23:55:00,"LN","dcs","CB",0,1307.69,1313.27,1312.98,"B"
11,26020,14-MAY-2026 23:50:00,"LN","dcs","CB",0,1318.64,1320,1309.98,"A"
10,26019,14-MAY-2026 23:45:00,"LN","dcs","CB",0,1299.67,1306.02,1300.2,"B"
10,26018,14-MAY-2026 23:40:00,"LN","dcs","CB",0,1306.07,1305.02,1295.51,"A"
11,26017,14-MAY-2026 18:55:00,"LN","dcs","CB",0,1315.91,1313.31,1310.6,"B"
11,26016,14-MAY-2026 18:50:00,"LN","dcs","CB",0,1302.11,1306.22,1300.89,"A"
10,26015,14-MAY-2026 18:45:00,"LN","dcs","CB",0,1288.93,1308.71,1301.53,"B"
10,26014,14-MAY-2026 18:40:00,"LN","dcs","CB",0,1282.91,1294.49,1289.64,"A"
10,26013,14-MAY-2026 09:55:00,"LN","dcs","CB",0,1287.44,1298.69,1289.58,"A"
11,26012,14-MAY-2026 08:55:00,"LN","dcs","CB",0,1305.93,1299.96,1304.82,"B"
11,26011,14-MAY-2026 08:50:00,"LN","dcs","CB",0,1317.27,1318.49,1321.91,"A"
10,26010,14-MAY-2026 08:25:00,"LN","dcs","CB",0,1296.84,1303.2,1292.18,"B"
11,26009,13-MAY-2026 23:15:00,"LN","dcs","CB",0,1309.22,1305,1301.58,"B"
11,26008,13-MAY-2026 23:10:00,"LN","dcs","CB",0,1309.93,1308.69,1306.93,"A"
10,26007,13-MAY-2026 23:05:00,"LN","dcs","CB",0,1285.56,1295.71,1290.93,"B"
10,26006,13-MAY-2026 23:00:00,"LN","dcs","CB",0,1307.93,1304.98,1303.47,"A"
11,26005,13-MAY-2026 17:55:00,"LN","dcs","CB",0,1314.22,1308.53,1310.56,"B"
11,26004,13-MAY-2026 17:50:00,"LN","dcs","CB",0,1312.51,1315.42,1308.02,"A"
10,26003,13-MAY-2026 17:45:00,"LN","dcs","CB",0,1287.29,1308.38,1302.67,"B"
10,26002,13-MAY-2026 17:40:00,"LN","dcs","CB",0,1302.31,1310.07,1289.42,"A"
11,26000,13-MAY-2026 11:40:00,"LN","dcs","CW",1301.88,0,0,0,"B"
11,26001,13-MAY-2026 11:00:00,"LN","dcs","CW",1300.76,0,0,0,"B"
10,25998,13-MAY-2026 09:50:00,"LN","dcs","CB",0,1319.31,1322.44,1304.71,"A"
11,25997,13-MAY-2026 08:45:00,"LN","dcs","CB",0,1304.04,1302.29,1308.22,"B"
11,25996,13-MAY-2026 08:40:00,"LN","dcs","CB",0,1303.51,1307.69,1304.04,"A"
10,25995,13-MAY-2026 08:35:00,"LN","dcs","CB",0,1280.42,1286.02,1279.18,"B"
11,25994,12-MAY-2026 23:15:00,"LN","dcs","CB",0,1307.6,1305.4,1304.84,"B"
11,25993,12-MAY-2026 23:10:00,"LN","dcs","CB",0,1308.98,1308.73,1302.51,"A"
10,25992,12-MAY-2026 23:05:00,"LN","dcs","CB",0,1304.51,1309.91,1299.91,"B"
10,25991,12-MAY-2026 23:00:00,"LN","dcs","CB",0,1312.73,1324.47,1312.13,"A"
10,25990,12-MAY-2026 18:50:00,"LN","dcs","CB",0,1307.22,1318.04,1308.51,"B"
11,25989,12-MAY-2026 18:10:00,"LN","dcs","CB",0,1320.31,1310.29,1311.13,"B"
11,25988,12-MAY-2026 18:05:00,"LN","dcs","CB",0,1312.24,1316.58,1312.07,"A"
10,25987,12-MAY-2026 18:00:00,"LN","dcs","CB",0,1312.67,1315.51,1307.67,"A"
11,25986,12-MAY-2026 10:40:00,"LN","dcs","CW",1308.26,0,0,0,"B"
10,25985,12-MAY-2026 10:00:00,"LN","dcs","CB",0,1316.51,1320.89,1306.27,"A"
11,25984,12-MAY-2026 08:35:00,"LN","dcs","CB",0,1302.84,1291.8,1301.36,"B"
11,25983,12-MAY-2026 08:30:00,"LN","dcs","CB",0,1315.96,1322.09,1314.27,"A"
10,25982,12-MAY-2026 08:15:00,"LN","dcs","CB",0,1294.82,1306.78,1297.04,"B"
11,25981,11-MAY-2026 23:15:00,"LN","dcs","CB",0,1309.36,1304.33,1307.82,"B"
11,25980,11-MAY-2026 23:10:00,"LN","dcs","CB",0,1306.62,1311.96,1306.6,"A"
10,25979,11-MAY-2026 23:05:00,"LN","dcs","CB",0,1294.38,1301.13,1295.36,"B"
10,25963,11-MAY-2026 23:00:00,"LN","dcs","CB",0,1301.56,1298.2,1296.33,"A"
10,25978,11-MAY-2026 23:00:00,"LN","dcs","CB",0,1304.33,1313.87,1299.91,"A"
11,25977,11-MAY-2026 18:15:00,"LN","dcs","CB",0,1310.29,1303.07,1310.04,"B"
11,25976,11-MAY-2026 18:10:00,"LN","dcs","CB",0,1309.13,1312.93,1306.09,"A"
10,25975,11-MAY-2026 18:05:00,"LN","dcs","CB",0,1292.11,1298.13,1297.38,"B"
10,25974,11-MAY-2026 18:00:00,"LN","dcs","CB",0,1298.8,1309.67,1300.51,"A"
11,25999,11-MAY-2026 11:00:00,"LN","dcs","CW",1300.76,0,0,0,"B"
11,25972,11-MAY-2026 10:00:00,"LN","dcs","CW",1296.04,0,0,0,"B"
10,25973,11-MAY-2026 10:00:00,"LN","dcs","CW",1272.19,0,0,0,"B"
11,25971,11-MAY-2026 09:25:00,"LN","dcs","CB",0,1289.22,1292.56,1290.36,"A"
10,25968,11-MAY-2026 08:55:00,"LN","dcs","CB",0,1291.4,1295.44,1291.13,"A"
10,25969,11-MAY-2026 08:55:00,"LN","dcs","CB",0,1288.67,1296.56,1291.33,"B"
11,25970,11-MAY-2026 08:55:00,"LN","dcs","CB",0,1301.89,1297.58,1297.78,"B"
11,25966,10-MAY-2026 23:15:00,"LN","dcs","CB",0,1295.02,1298.73,1297.6,"B"
11,25965,10-MAY-2026 23:10:00,"LN","dcs","CB",0,1303.13,1305.62,1301.98,"A"
10,25964,10-MAY-2026 23:05:00,"LN","dcs","CB",0,1295.44,1303.69,1290.98,"B"
10,25967,10-MAY-2026 23:00:00,"LN","dcs","CB",0,1301.56,1298.2,1296.33,"A"
10,25955,10-MAY-2026 20:30:00,"LN","dcs","CB",0,1301.82,1306.47,1298.07,"A"
10,25960,10-MAY-2026 18:10:00,"LN","dcs","CB",0,1291.98,1297.6,1294.89,"B"
11,25962,10-MAY-2026 18:10:00,"LN","dcs","CB",0,1293.47,1289.33,1293.73,"B"
11,25961,10-MAY-2026 18:00:00,"LN","dcs","CB",0,1297.49,1302.51,1301.4,"A"
10,25959,10-MAY-2026 18:00:00,"LN","dcs","CB",0,1305.07,1312.09,1307.69,"A"
11,25958,10-MAY-2026 09:25:00,"LN","dcs","CB",0,1297.02,1303.98,1297.93,"A"
11,25956,10-MAY-2026 08:55:00,"LN","dcs","CB",0,1306.38,1302.2,1305.11,"B"
10,25957,10-MAY-2026 08:35:00,"LN","dcs","CB",0,1288.09,1292.56,1291.24,"B"
10,25954,09-MAY-2026 23:55:00,"LN","dcs","CB",0,1324.36,1328.24,1320.78,"B"
11,25953,09-MAY-2026 23:55:00,"LN","dcs","CB",0,1320.49,1314.33,1318.38,"B"
11,25952,09-MAY-2026 23:50:00,"LN","dcs","CB",0,1318.44,1325.38,1315,"A"
10,25951,09-MAY-2026 23:45:00,"LN","dcs","CB",0,1327.93,1316.31,1308.6,"A"
10,25948,09-MAY-2026 18:05:00,"LN","dcs","CB",0,1306.71,1308.16,1303.73,"B"
11,25950,09-MAY-2026 18:05:00,"LN","dcs","CB",0,1302.49,1295.67,1301.53,"B"
11,25949,09-MAY-2026 18:05:00,"LN","dcs","CB",0,1297.07,1302.33,1298.93,"A"
10,25947,09-MAY-2026 18:00:00,"LN","dcs","CB",0,1303.71,1302.58,1302.18,"A"
11,25945,09-MAY-2026 10:00:00,"LN","dcs","CW",1311.68,0,0,0,"B"
10,25944,09-MAY-2026 09:40:00,"LN","dcs","CW",1275.68,0,0,0,"B"
10,25946,09-MAY-2026 09:00:00,"LN","dcs","CW",1308.44,0,0,0,"B"
11,25941,09-MAY-2026 08:15:00,"LN","dcs","CB",0,1310.62,1309.24,1310.69,"B"
11,25943,09-MAY-2026 08:10:00,"LN","dcs","CB",0,1313.27,1325.31,1314.31,"A"
10,25939,09-MAY-2026 08:05:00,"LN","dcs","CB",0,1315.91,1315.71,1298,"B"
10,25942,09-MAY-2026 08:00:00,"LN","dcs","CB",0,1302.24,1307.82,1289.56,"A"
11,25937,08-MAY-2026 23:55:00,"LN","dcs","CB",0,1317.58,1314.98,1316,"B"
11,25936,08-MAY-2026 23:55:00,"LN","dcs","CB",0,1315.69,1322.71,1316.91,"A"
10,25935,08-MAY-2026 23:50:00,"LN","dcs","CB",0,1327,1323.51,1315.33,"B"
10,25934,08-MAY-2026 23:45:00,"LN","dcs","CB",0,1327.62,1329.31,1315.84,"A"
11,25933,08-MAY-2026 17:35:00,"LN","dcs","CB",0,1307.87,1304.87,1305.04,"B"
11,25931,08-MAY-2026 17:25:00,"LN","dcs","CB",0,1309.51,1317.78,1312.13,"A"
10,25932,08-MAY-2026 17:05:00,"LN","dcs","CB",0,1318.4,1321.38,1313.53,"B"
10,25930,08-MAY-2026 17:00:00,"LN","dcs","CB",0,1319.73,1321.87,1311.98,"A"
11,25927,08-MAY-2026 10:00:00,"LN","dcs","CW",1131.51,0,0,0,"A"
10,25929,08-MAY-2026 09:40:00,"LN","dcs","CW",1287.87,0,0,0,"A"
11,25926,08-MAY-2026 09:20:00,"LN","dcs","CB",0,1308.76,1306.44,1304.91,"B"
11,25925,08-MAY-2026 09:15:00,"LN","dcs","CB",0,1302.24,1308.62,1308.27,"A"
10,25924,08-MAY-2026 09:05:00,"LN","dcs","CB",0,1296.6,1300.24,1301.93,"B"
10,25923,08-MAY-2026 09:00:00,"LN","dcs","CB",0,1310.07,1311.18,1298.96,"A"
10,25928,08-MAY-2026 09:00:00,"LN","dcs","CW",1288.89,0,0,0,"A"
11,25940,08-MAY-2026 08:10:00,"LN","dcs","CB",0,1313.27,1325.31,1314.31,"A"
10,25938,08-MAY-2026 08:00:00,"LN","dcs","CB",0,1302.24,1307.82,1289.56,"A"
11,25922,07-MAY-2026 23:55:00,"LN","dcs","CB",0,1317.62,1319.38,1314.07,"B"
11,25921,07-MAY-2026 23:55:00,"LN","dcs","CB",0,1313.89,1326.09,1317.84,"A"
10,25920,07-MAY-2026 23:50:00,"LN","dcs","CB",0,1315.38,1322.13,1320.58,"B"
10,25919,07-MAY-2026 23:45:00,"LN","dcs","CB",0,1330.96,1330.6,1318.04,"A"
11,25918,07-MAY-2026 17:55:00,"LN","dcs","CB",0,1307.73,1302.62,1299.73,"B"
11,25916,07-MAY-2026 17:50:00,"LN","dcs","CB",0,1299.04,1308.36,1315,"A"
10,25917,07-MAY-2026 17:35:00,"LN","dcs","CB",0,1317.47,1323.8,1313.8,"B"
10,25915,07-MAY-2026 17:30:00,"LN","dcs","CB",0,1316.47,1318.33,1310.36,"A"
11,25914,07-MAY-2026 10:50:00,"LN","dcs","CW",1299.69,0,0,0,"B"
11,25913,07-MAY-2026 10:30:00,"LN","dcs","CW",1304.57,0,0,0,"B"
11,25912,07-MAY-2026 10:00:00,"LN","dcs","CW",1122.94,0,0,0,"A"
11,25910,07-MAY-2026 09:20:00,"LN","dcs","CB",0,1307.51,1299.27,1299.42,"B"
11,25909,07-MAY-2026 09:15:00,"LN","dcs","CB",0,1301.58,1307.58,1296.38,"A"
10,25908,07-MAY-2026 09:05:00,"LN","dcs","CB",0,1307.53,1309.89,1293.91,"B"
10,25911,07-MAY-2026 09:00:00,"LN","dcs","CW",1295.92,0,0,0,"B"
10,25907,07-MAY-2026 09:00:00,"LN","dcs","CB",0,1312.96,1318.76,1299.6,"A"
11,25902,06-MAY-2026 23:10:00,"LN","dcs","CB",0,1320.93,1325.31,1321.4,"A"
10,25901,06-MAY-2026 23:00:00,"LN","dcs","CB",0,1324.27,1327.24,1318.24,"A"
10,25904,06-MAY-2026 22:10:00,"LN","dcs","CB",0,1320.93,1325.31,1321.4,"B"
11,25906,06-MAY-2026 22:10:00,"LN","dcs","CB",0,1315.04,1306.98,1312.29,"B"
10,25903,06-MAY-2026 22:00:00,"LN","dcs","CB",0,1324.27,1327.24,1318.24,"A"
11,25905,06-MAY-2026 22:00:00,"LN","dcs","CB",0,1315.87,1327.47,1319.56,"A"
11,25900,06-MAY-2026 18:10:00,"LN","dcs","CB",0,1309.51,1305.69,1308.51,"B"
11,25899,06-MAY-2026 18:10:00,"LN","dcs","CB",0,1302.38,1309.67,1304.98,"A"
10,25898,06-MAY-2026 18:00:00,"LN","dcs","CB",0,1302.22,1305.93,1303.24,"B"
10,25897,06-MAY-2026 18:00:00,"LN","dcs","CB",0,1327.02,1326.42,1312.11,"A"
11,25896,06-MAY-2026 10:40:00,"LN","dcs","CW",1202.74,0,0,0,"A"
11,25895,06-MAY-2026 10:00:00,"LN","dcs","CW",1130.27,0,0,0,"A"
10,25894,06-MAY-2026 09:40:00,"LN","dcs","CW",1293.58,0,0,0,"B"
11,25892,06-MAY-2026 09:15:00,"LN","dcs","CB",0,1325.09,1313.09,1313.96,"B"
11,25891,06-MAY-2026 09:10:00,"LN","dcs","CB",0,1309.84,1322.6,1313.4,"A"
10,25890,06-MAY-2026 09:05:00,"LN","dcs","CB",0,1310.67,1346.69,1328.42,"B"
10,25893,06-MAY-2026 09:00:00,"LN","dcs","CW",1298.33,0,0,0,"B"
10,25889,06-MAY-2026 09:00:00,"LN","dcs","CB",0,1324.67,1326.29,1310.62,"A"
11,25887,05-MAY-2026 23:55:00,"LN","dcs","CB",0,1317.31,1323.67,1315.67,"A"
11,25888,05-MAY-2026 23:55:00,"LN","dcs","CB",0,1323.42,1318.56,1312.87,"B"
10,25886,05-MAY-2026 23:50:00,"LN","dcs","CB",0,1326.16,1330.44,1323.18,"B"
10,25885,05-MAY-2026 23:50:00,"LN","dcs","CB",0,1325.07,1323.73,1316.96,"A"
11,25884,05-MAY-2026 19:20:00,"LN","dcs","CB",0,1330.29,1324.24,1324.91,"B"
11,25883,05-MAY-2026 17:50:00,"LN","dcs","CB",0,1314.71,1325.16,1317.07,"A"
10,25882,05-MAY-2026 16:35:00,"LN","dcs","CB",0,1305.02,1313.36,1303.87,"B"
10,25881,05-MAY-2026 16:30:00,"LN","dcs","CB",0,1317.64,1317.02,1310.16,"A"
11,25880,05-MAY-2026 10:40:00,"LN","dcs","CW",1305.04,0,0,0,"B"
11,25879,05-MAY-2026 10:00:00,"LN","dcs","CW",1308.34,0,0,0,"B"
10,25878,05-MAY-2026 09:40:00,"LN","dcs","CW",1309.99,0,0,0,"A"
10,25877,05-MAY-2026 09:00:00,"LN","dcs","CW",1319.08,0,0,0,"A"
11,25876,05-MAY-2026 08:20:00,"LN","dcs","CB",0,1304.29,1302.62,1310.47,"B"
11,25875,05-MAY-2026 08:15:00,"LN","dcs","CB",0,1319.24,1329.84,1322.29,"A"
10,25874,05-MAY-2026 08:05:00,"LN","dcs","CB",0,1322.67,1330.22,1323.51,"B"
10,25873,05-MAY-2026 08:00:00,"LN","dcs","CB",0,1325.87,1322.8,1308.04,"A"
11,25872,04-MAY-2026 23:55:00,"LN","dcs","CB",0,1330.4,1328.02,1330.69,"B"
11,25871,04-MAY-2026 23:55:00,"LN","dcs","CB",0,1315.27,1325.11,1316.47,"A"
10,25870,04-MAY-2026 23:50:00,"LN","dcs","CB",0,1319.13,1330.11,1330.84,"B"
10,25869,04-MAY-2026 23:45:00,"LN","dcs","CB",0,1330.89,1331.51,1321.73,"A"
11,25868,04-MAY-2026 17:55:00,"LN","dcs","CB",0,1318.4,1314.24,1309,"B"
11,25866,04-MAY-2026 17:50:00,"LN","dcs","CB",0,1308.56,1318.76,1310,"A"
10,25867,04-MAY-2026 17:35:00,"LN","dcs","CB",0,1304.93,1315.16,1305.16,"B"
10,25865,04-MAY-2026 17:30:00,"LN","dcs","CB",0,1305.71,1310.78,1296.38,"A"
11,25864,04-MAY-2026 10:40:00,"LN","dcs","CW",1291.9,0,0,0,"A"
11,25863,04-MAY-2026 10:00:00,"LN","dcs","CW",1285.12,0,0,0,"A"
10,25862,04-MAY-2026 10:00:00,"LN","dcs","CW",1261.05,0,0,0,"A"
10,25861,04-MAY-2026 09:40:00,"LN","dcs","CW",1266,0,0,0,"A"
10,25860,04-MAY-2026 08:20:00,"LN","dcs","CB",0,1286.91,1298.93,1294.02,"B"
10,25859,04-MAY-2026 08:15:00,"LN","dcs","CB",0,1299.04,1300.31,1294.73,"A"
11,25858,04-MAY-2026 08:05:00,"LN","dcs","CB",0,1275.53,1280.18,1284.8,"B"
11,25857,04-MAY-2026 08:00:00,"LN","dcs","CB",0,1283.69,1292.13,1291.67,"A"
11,25856,03-MAY-2026 23:10:00,"LN","dcs","CB",0,1300.04,1299.18,1303.82,"B"
10,25854,03-MAY-2026 23:10:00,"LN","dcs","CB",0,1284.58,1301.64,1300.53,"B"
10,25853,03-MAY-2026 23:00:00,"LN","dcs","CB",0,1300.98,1307.24,1300.36,"A"
11,25855,03-MAY-2026 23:00:00,"LN","dcs","CB",0,1298.02,1304.07,1300.18,"A"
11,25852,03-MAY-2026 17:55:00,"LN","dcs","CB",0,1303.47,1289.87,1292.18,"B"
11,25850,03-MAY-2026 17:50:00,"LN","dcs","CB",0,1300,1310.44,1305.84,"A"
10,25851,03-MAY-2026 17:35:00,"LN","dcs","CB",0,1285.47,1299.64,1292.18,"B"
10,25849,03-MAY-2026 17:30:00,"LN","dcs","CB",0,1300.67,1305.96,1298.78,"A"
11,25848,03-MAY-2026 08:20:00,"LN","dcs","CB",0,1301.8,1299.69,1303.6,"B"
11,25847,03-MAY-2026 08:15:00,"LN","dcs","CB",0,1305.4,1316.49,1309.82,"A"
10,25846,03-MAY-2026 08:05:00,"LN","dcs","CB",0,1299.36,1307.56,1298.47,"B"
10,25845,03-MAY-2026 08:00:00,"LN","dcs","CB",0,1296.67,1309.49,1302.62,"A"
11,25844,02-MAY-2026 23:00:00,"LN","dcs","CB",0,1300.44,1298.11,1294.89,"B"
10,25843,02-MAY-2026 23:00:00,"LN","dcs","CB",0,1287.56,1290.82,1285.76,"B"
10,25841,02-MAY-2026 23:00:00,"LN","dcs","CB",0,1288.22,1291.8,1290.89,"A"
11,25842,02-MAY-2026 23:00:00,"LN","dcs","CB",0,1293.22,1302.96,1295.91,"A"
11,25840,02-MAY-2026 18:20:00,"LN","dcs","CB",0,1304.98,1302.09,1302.69,"B"
11,25839,02-MAY-2026 18:15:00,"LN","dcs","CB",0,1299.96,1301.56,1293.2,"A"
10,25838,02-MAY-2026 18:05:00,"LN","dcs","CB",0,1292.44,1295.98,1287.04,"B"
10,25837,02-MAY-2026 18:00:00,"LN","dcs","CB",0,1288.87,1293.64,1281.73,"A"
11,25836,02-MAY-2026 10:40:00,"LN","dcs","CW",1303.24,0,0,0,"A"
10,25835,02-MAY-2026 10:20:00,"LN","dcs","CW",1287.3,0,0,0,"A"
11,25834,02-MAY-2026 08:50:00,"LN","dcs","CB",0,1322.38,1322.51,1325.22,"B"
11,25833,02-MAY-2026 08:50:00,"LN","dcs","CB",0,1313.56,1325.36,1317.76,"A"
10,25832,02-MAY-2026 08:45:00,"LN","dcs","CB",0,1300.33,1311.58,1303.6,"B"
10,25831,02-MAY-2026 08:40:00,"LN","dcs","CB",0,1321.49,1322.69,1311.58,"A"
10,25827,01-MAY-2026 23:00:00,"LN","dcs","CB",0,1308.2,1317.13,1303.96,"A"
11,25828,01-MAY-2026 23:00:00,"LN","dcs","CB",0,1316.47,1322.4,1310.93,"A"
11,25830,01-MAY-2026 23:00:00,"LN","dcs","CB",0,1310.02,1309.09,1310.38,"B"
10,25829,01-MAY-2026 23:00:00,"LN","dcs","CB",0,1298.67,1306.58,1298.31,"B"
11,25826,01-MAY-2026 18:20:00,"LN","dcs","CB",0,1307.62,1309.51,1304.49,"B"
11,25825,01-MAY-2026 18:15:00,"LN","dcs","CB",0,1309.64,1312.73,1306.42,"A"
10,25824,01-MAY-2026 18:05:00,"LN","dcs","CB",0,1303.76,1308.24,1303.27,"B"
10,25823,01-MAY-2026 18:00:00,"LN","dcs","CB",0,1305.4,1307.73,1297.04,"A"
11,25822,01-MAY-2026 08:00:00,"LN","dcs","CB",0,1315.27,1312.44,1314.73,"B"
11,25821,01-MAY-2026 07:55:00,"LN","dcs","CB",0,1321.62,1330.8,1317.13,"A"
10,25819,01-MAY-2026 07:50:00,"LN","dcs","CB",0,1318.16,1320.38,1306.87,"A"
10,25820,01-MAY-2026 07:50:00,"LN","dcs","CB",0,1319,1329.42,1320.13,"B"
11,25818,30-APR-2026 23:55:00,"LN","dcs","CB",0,1313.13,1312.09,1320.16,"B"
10,25816,30-APR-2026 23:55:00,"LN","dcs","CB",0,1301.13,1312.31,1301.53,"B"
11,25817,30-APR-2026 23:50:00,"LN","dcs","CB",0,1313.67,1322.71,1313.33,"A"
10,25815,30-APR-2026 23:50:00,"LN","dcs","CB",0,1316.91,1323.31,1310.11,"A"
11,25814,30-APR-2026 18:20:00,"LN","dcs","CB",0,1306.24,1304.89,1300.91,"B"
11,25813,30-APR-2026 18:15:00,"LN","dcs","CB",0,1309.02,1317.42,1309.24,"A"
10,25812,30-APR-2026 18:05:00,"LN","dcs","CB",0,1299.16,1318.31,1309.36,"B"
10,25811,30-APR-2026 18:00:00,"LN","dcs","CB",0,1310.18,1311.76,1298.87,"A"
11,25810,30-APR-2026 10:40:00,"LN","dcs","CW",1324.98,0,0,0,"A"
10,25809,30-APR-2026 10:00:00,"LN","dcs","CW",1288.57,0,0,0,"A"
11,25808,30-APR-2026 08:20:00,"LN","dcs","CB",0,1324.76,1321.67,1323.31,"B"
11,25807,30-APR-2026 08:15:00,"LN","dcs","CB",0,1314.44,1326.36,1319.09,"A"
10,25806,30-APR-2026 08:10:00,"LN","dcs","CB",0,1319.53,1324.47,1317.42,"B"
10,25805,30-APR-2026 08:10:00,"LN","dcs","CB",0,1314.58,1328.76,1323.22,"A"
10,25803,29-APR-2026 23:00:00,"LN","dcs","CB",0,1299.09,1308.4,1308.58,"B"
11,25802,29-APR-2026 23:00:00,"LN","dcs","CB",0,1307.78,1317.49,1309.78,"A"
10,25801,29-APR-2026 23:00:00,"LN","dcs","CB",0,1321.33,1329.07,1317.53,"A"
11,25804,29-APR-2026 23:00:00,"LN","dcs","CB",0,1300.73,1302.13,1307.6,"B"
11,25800,29-APR-2026 19:05:00,"LN","dcs","CB",0,1307.42,1304.53,1303.96,"B"
11,25799,29-APR-2026 19:00:00,"LN","dcs","CB",0,1311.09,1311,1314.47,"A"
10,25798,29-APR-2026 18:55:00,"LN","dcs","CB",0,1316.47,1300.82,1287.8,"B"
10,25797,29-APR-2026 18:50:00,"LN","dcs","CB",0,1327.33,1302.27,1305.33,"A"
11,25796,29-APR-2026 12:00:00,"LN","dcs","CW",1294.5,0,0,0,"B"
11,25795,29-APR-2026 11:00:00,"LN","dcs","CW",1312.91,0,0,0,"B"
10,25794,29-APR-2026 10:00:00,"LN","dcs","CW",1294.65,0,0,0,"B"
11,25793,29-APR-2026 09:00:00,"LN","dcs","CB",0,1315.56,1317.04,1326.2,"B"
11,25792,29-APR-2026 08:55:00,"LN","dcs","CB",0,1300.31,1319,1321.51,"A"
10,25790,29-APR-2026 08:50:00,"LN","dcs","CB",0,1324.11,1320.42,1304.31,"A"
10,25791,29-APR-2026 08:50:00,"LN","dcs","CB",0,1327.13,1331.78,1322.29,"B"
11,25789,28-APR-2026 23:55:00,"LN","dcs","CB",0,1313.31,1308.64,1317.09,"B"
10,25788,28-APR-2026 23:55:00,"LN","dcs","CB",0,1300.42,1304.02,1294.09,"A"
11,25787,28-APR-2026 23:55:00,"LN","dcs","CB",0,1290.56,1286.44,1292.71,"A"
10,25786,28-APR-2026 23:55:00,"LN","dcs","CB",0,1298.24,1304.53,1296.78,"B"
11,25785,28-APR-2026 18:20:00,"LN","dcs","CB",0,1296.56,1290.36,1296.11,"B"
11,25784,28-APR-2026 18:15:00,"LN","dcs","CB",0,1302.2,1309.67,1302.73,"A"
10,25783,28-APR-2026 18:05:00,"LN","dcs","CB",0,1298.4,1296.84,1288.89,"B"
10,25782,28-APR-2026 18:00:00,"LN","dcs","CB",0,1306.8,1311.11,1295.89,"A"
11,25781,28-APR-2026 11:40:00,"LN","dcs","CW",1303,0,0,0,"B"
10,25780,28-APR-2026 11:00:00,"LN","dcs","CW",1288.94,0,0,0,"B"
11,25779,28-APR-2026 09:20:00,"LN","dcs","CB",0,1302.91,1311.69,1313.33,"B"
11,25778,28-APR-2026 09:20:00,"LN","dcs","CB",0,1300.2,1312,1304.87,"A"
10,25777,28-APR-2026 09:10:00,"LN","dcs","CB",0,1312.69,1319.64,1310.58,"B"
10,25776,28-APR-2026 09:00:00,"LN","dcs","CB",0,1307.96,1312.76,1310.18,"A"
11,25775,27-APR-2026 23:35:00,"LN","dcs","CB",0,1288.87,1292.58,1296.27,"B"
11,25774,27-APR-2026 23:30:00,"LN","dcs","CB",0,1299.53,1311.56,1302.09,"A"
10,25773,27-APR-2026 23:05:00,"LN","dcs","CB",0,1301.98,1310.56,1300.98,"B"
10,25772,27-APR-2026 23:00:00,"LN","dcs","CB",0,1310.91,1312.78,1299.36,"A"
11,25770,27-APR-2026 18:15:00,"LN","dcs","CB",0,1295.62,1300.64,1300.11,"A"
10,25769,27-APR-2026 18:05:00,"LN","dcs","CB",0,1299.4,1303.6,1297.02,"B"
10,25768,27-APR-2026 18:00:00,"LN","dcs","CB",0,1302.67,1304.82,1302.42,"A"
10,25767,27-APR-2026 11:40:00,"LN","dcs","CW",1290.88,0,0,0,"B"
10,25766,27-APR-2026 11:00:00,"LN","dcs","CW",1301.46,0,0,0,"A"
11,25765,27-APR-2026 10:40:00,"LN","dcs","CW",1126.33,0,0,0,"A"
11,25764,27-APR-2026 09:00:00,"LN","dcs","CB",0,1305.38,1302.16,1305.44,"B"
11,25763,27-APR-2026 08:45:00,"LN","dcs","CB",0,1298.29,1315.56,1310.44,"A"
10,25762,27-APR-2026 08:30:00,"LN","dcs","CB",0,1317.73,1322.31,1310.96,"B"
10,25761,27-APR-2026 08:00:00,"LN","dcs","CB",0,1316.27,1318.98,1314.58,"A"
11,25771,27-APR-2026 06:20:00,"LN","dcs","CB",0,1319.8,1295.56,1295.24,"B"
11,25758,26-APR-2026 23:55:00,"LN","dcs","CB",0,1295.53,1309.24,1300.47,"A"
10,25760,26-APR-2026 23:55:00,"LN","dcs","CB",0,1298.98,1301.93,1300.42,"B"
10,25757,26-APR-2026 23:55:00,"LN","dcs","CB",0,1299.8,1299.6,1295.89,"A"
11,25759,26-APR-2026 23:55:00,"LN","dcs","CB",0,1298.51,1298.18,1303.24,"B"
11,25756,26-APR-2026 18:20:00,"LN","dcs","CB",0,1305.02,1302.44,1302.62,"B"
11,25755,26-APR-2026 18:15:00,"LN","dcs","CB",0,1295.84,1301.93,1296.8,"A"
10,25754,26-APR-2026 18:05:00,"LN","dcs","CB",0,1322.67,1312.82,1299.24,"B"
10,25753,26-APR-2026 18:00:00,"LN","dcs","CB",0,1296.38,1304.82,1295.82,"A"
11,25752,26-APR-2026 09:10:00,"LN","dcs","CB",0,1297.69,1308.51,1313.29,"B"
10,25750,26-APR-2026 09:05:00,"LN","dcs","CB",0,1319.09,1321.91,1316.82,"B"
11,25751,26-APR-2026 09:05:00,"LN","dcs","CB",0,1312.82,1322.18,1313.44,"A"
10,25749,26-APR-2026 09:00:00,"LN","dcs","CB",0,1306.33,1310.04,1305.76,"A"
11,25748,25-APR-2026 23:15:00,"LN","dcs","CB",0,1305.56,1314.13,1302.09,"B"
11,25747,25-APR-2026 23:10:00,"LN","dcs","CB",0,1304.27,1310.29,1303.71,"A"
10,25746,25-APR-2026 23:05:00,"LN","dcs","CB",0,1301.13,1300.87,1307.09,"B"
10,25745,25-APR-2026 23:00:00,"LN","dcs","CB",0,1311.64,1314.22,1304.47,"A"
11,25744,25-APR-2026 18:30:00,"LN","dcs","CB",0,1306.87,1307.33,1312.89,"B"
11,25743,25-APR-2026 18:00:00,"LN","dcs","CB",0,1310.04,1322,1316.2,"A"
10,25742,25-APR-2026 17:30:00,"LN","dcs","CB",0,1305.82,1307.98,1302.4,"B"
10,25741,25-APR-2026 17:00:00,"LN","dcs","CB",0,1315.47,1319.96,1310.93,"A"
11,25740,25-APR-2026 11:00:00,"LN","dcs","CW",1299.53,0,0,0,"A"
10,25739,25-APR-2026 10:40:00,"LN","dcs","CW",1287.21,0,0,0,"A"
10,25738,25-APR-2026 10:00:00,"LN","dcs","CW",1299.05,0,0,0,"A"
10,25737,25-APR-2026 09:00:00,"LN","dcs","CB",0,1328.47,1311.89,1298.69,"A"
11,25736,25-APR-2026 08:30:00,"LN","dcs","CB",0,1290.53,1295.82,1299.89,"B"
10,25734,25-APR-2026 08:30:00,"LN","dcs","CB",0,1300.8,1300.04,1294.78,"B"
11,25735,25-APR-2026 08:25:00,"LN","dcs","CB",0,1306.84,1319.96,1309.33,"A"
10,25733,25-APR-2026 08:25:00,"LN","dcs","CB",0,1315.71,1309.84,1300.78,"A"
11,25732,24-APR-2026 23:15:00,"LN","dcs","CB",0,1294.53,1297.67,1301.18,"B"
11,25731,24-APR-2026 23:10:00,"LN","dcs","CB",0,1293.84,1300.76,1295.49,"A"
10,25730,24-APR-2026 23:05:00,"LN","dcs","CB",0,1297.38,1296.96,1288.11,"B"
10,25729,24-APR-2026 23:00:00,"LN","dcs","CB",0,1295.53,1296.73,1290.16,"A"
11,25728,24-APR-2026 18:35:00,"LN","dcs","CB",0,1297.2,1299.24,1301.69,"B"
11,25727,24-APR-2026 18:30:00,"LN","dcs","CB",0,1275.4,1288.76,1278.18,"A"
10,25726,24-APR-2026 18:25:00,"LN","dcs","CB",0,1295.87,1296.89,1283.44,"B"
10,25725,24-APR-2026 18:20:00,"LN","dcs","CB",0,1273.16,1283.71,1273.82,"A"
10,25723,24-APR-2026 11:00:00,"LN","dcs","CW",1293.27,0,0,0,"A"
11,25722,24-APR-2026 10:40:00,"LN","dcs","CW",1299.18,0,0,0,"B"
10,25724,24-APR-2026 10:20:00,"LN","dcs","CW",1288.69,0,0,0,"A"
11,25721,24-APR-2026 08:55:00,"LN","dcs","CB",0,1293.44,1289.87,1295.27,"B"
10,25719,24-APR-2026 08:55:00,"LN","dcs","CB",0,1300,1300.29,1283.67,"B"
10,25718,24-APR-2026 08:50:00,"LN","dcs","CB",0,1298.02,1299.82,1289.16,"A"
11,25720,24-APR-2026 08:50:00,"LN","dcs","CB",0,1292.87,1305.87,1300.27,"A"
11,25717,23-APR-2026 23:15:00,"LN","dcs","CB",0,1294.64,1311.09,1301.51,"B"
11,25716,23-APR-2026 23:10:00,"LN","dcs","CB",0,1291.02,1301.67,1301.38,"A"
10,25715,23-APR-2026 23:05:00,"LN","dcs","CB",0,1300.11,1298.91,1283.11,"B"
10,25714,23-APR-2026 23:00:00,"LN","dcs","CB",0,1299.93,1302.2,1292.87,"A"
11,25713,23-APR-2026 18:10:00,"LN","dcs","CB",0,1297.24,1299.02,1308.89,"B"
10,25711,23-APR-2026 18:10:00,"LN","dcs","CB",0,1310.71,1308.64,1304.09,"B"
11,25712,23-APR-2026 18:00:00,"LN","dcs","CB",0,1294.24,1311.67,1307.73,"A"
10,25710,23-APR-2026 18:00:00,"LN","dcs","CB",0,1308.73,1306.56,1300.49,"A"
11,25709,23-APR-2026 08:30:00,"LN","dcs","CB",0,1294.07,1299.07,1303.4,"B"
11,25708,23-APR-2026 08:20:00,"LN","dcs","CB",0,1291.98,1303.76,1299.11,"A"
10,25707,23-APR-2026 08:10:00,"LN","dcs","CB",0,1317.87,1313.27,1305.4,"B"
10,25706,23-APR-2026 08:00:00,"LN","dcs","CB",0,1308.38,1313.53,1312.8,"A"
11,25705,22-APR-2026 23:15:00,"LN","dcs","CB",0,1306.47,1306.31,1297.84,"B"
11,25704,22-APR-2026 23:10:00,"LN","dcs","CB",0,1307.76,1308.38,1305.76,"A"
10,25703,22-APR-2026 23:05:00,"LN","dcs","CB",0,1305.31,1300.16,1295.33,"B"
10,25702,22-APR-2026 23:00:00,"LN","dcs","CB",0,1298.27,1306.13,1297.42,"A"
11,25701,22-APR-2026 19:00:00,"LN","dcs","CB",0,1309.93,1307.82,1313.31,"B"
11,25700,22-APR-2026 18:30:00,"LN","dcs","CB",0,1294,1305.76,1304.36,"A"
10,25699,22-APR-2026 18:00:00,"LN","dcs","CB",0,1317.71,1316.47,1308.89,"B"
10,25698,22-APR-2026 17:30:00,"LN","dcs","CB",0,1311.78,1319.78,1313.27,"A"
