"ID_OVEN","ID_BATTERY","DT_OVEN_CLEANING_MOMENT"
9,11,21-JUL-2026 05:01:18
87,11,21-JUL-2026 04:33:32
82,11,21-JUL-2026 04:16:08
77,11,21-JUL-2026 03:48:53
6,10,21-JUL-2026 01:47:22
74,10,21-JUL-2026 00:56:44
22,11,21-JUL-2026 00:31:58
55,11,21-JUL-2026 00:19:13
12,11,20-JUL-2026 23:40:02
7,11,20-JUL-2026 23:23:14
2,11,20-JUL-2026 23:02:27
39,10,20-JUL-2026 22:56:38
34,10,20-JUL-2026 22:45:17
87,10,20-JUL-2026 20:28:33
82,10,20-JUL-2026 20:09:15
77,10,20-JUL-2026 19:52:15
47,10,20-JUL-2026 17:01:44
88,10,20-JUL-2026 08:07:29
73,10,20-JUL-2026 07:16:55
68,10,20-JUL-2026 07:02:41
38,10,20-JUL-2026 05:07:13
54,11,20-JUL-2026 04:28:00
49,11,20-JUL-2026 04:11:51
23,10,20-JUL-2026 03:46:18
39,11,20-JUL-2026 03:29:50
34,11,20-JUL-2026 03:15:17
29,11,20-JUL-2026 03:02:19
24,11,20-JUL-2026 02:40:14
81,10,20-JUL-2026 02:37:32
19,11,20-JUL-2026 02:29:36
14,11,20-JUL-2026 02:02:17
4,11,20-JUL-2026 01:26:27
62,11,19-JUL-2026 23:28:25
57,11,19-JUL-2026 23:07:07
47,11,19-JUL-2026 22:31:23
1,10,19-JUL-2026 22:30:39
62,10,19-JUL-2026 14:53:15
84,10,18-JUL-2026 19:11:48
85,11,18-JUL-2026 16:28:06
29,10,18-JUL-2026 16:14:10
70,11,18-JUL-2026 15:14:12
65,11,18-JUL-2026 15:10:53
9,10,18-JUL-2026 15:02:33
8,11,18-JUL-2026 06:41:24
3,11,18-JUL-2026 06:25:32
86,10,17-JUL-2026 21:03:30
66,10,17-JUL-2026 20:10:19
60,11,17-JUL-2026 11:32:14
50,11,17-JUL-2026 11:26:54
4,10,17-JUL-2026 11:23:19
40,11,17-JUL-2026 10:51:13
5,11,17-JUL-2026 08:25:13
37,11,16-JUL-2026 12:23:37
17,11,16-JUL-2026 10:54:05
88,11,16-JUL-2026 09:57:05
70,10,16-JUL-2026 01:47:09
83,10,15-JUL-2026 20:21:15
72,10,15-JUL-2026 04:38:29
52,10,15-JUL-2026 03:19:07
55,10,14-JUL-2026 22:29:19
15,10,14-JUL-2026 19:24:54
36,10,14-JUL-2026 10:01:50
64,10,14-JUL-2026 06:52:02
67,10,14-JUL-2026 01:53:41
57,10,14-JUL-2026 01:04:50
22,10,13-JUL-2026 22:19:30
50,10,13-JUL-2026 19:16:53
63,10,13-JUL-2026 13:26:52
58,10,13-JUL-2026 13:08:39
48,10,13-JUL-2026 12:34:49
71,10,13-JUL-2026 10:01:51
46,10,13-JUL-2026 08:29:45
17,10,12-JUL-2026 21:21:43
20,10,12-JUL-2026 14:23:27
41,11,12-JUL-2026 12:01:48
16,11,12-JUL-2026 10:30:07
11,11,12-JUL-2026 10:08:05
6,11,12-JUL-2026 09:47:45
1,11,12-JUL-2026 09:33:44
79,10,12-JUL-2026 09:03:00
51,10,12-JUL-2026 05:36:55
76,11,11-JUL-2026 11:55:01
56,10,08-JUL-2026 21:37:31
30,10,08-JUL-2026 03:24:53
76,10,05-JUL-2026 17:35:43
43,10,05-JUL-2026 15:33:51
61,10,04-JUL-2026 08:21:30
75,10,03-JUL-2026 17:56:37
65,10,03-JUL-2026 17:18:27
25,10,03-JUL-2026 14:46:30
54,10,02-JUL-2026 23:26:10
60,10,02-JUL-2026 13:41:41
45,10,30-JUN-2026 05:59:21
40,10,30-JUN-2026 05:40:02
21,10,29-JUN-2026 19:21:30
49,10,29-JUN-2026 14:36:54
12,10,29-JUN-2026 05:44:08
2,10,29-JUN-2026 05:05:46
33,10,28-JUN-2026 19:42:33
31,10,28-JUN-2026 15:11:02
3,10,28-JUN-2026 12:17:10
37,10,28-JUN-2026 04:33:23
85,10,28-JUN-2026 02:06:05
80,10,28-JUN-2026 01:51:29
46,11,24-JUN-2026 13:16:53
18,10,24-JUN-2026 12:04:10
41,10,24-JUN-2026 03:18:18
11,10,24-JUN-2026 01:20:37
59,10,23-JUN-2026 22:47:56
42,10,23-JUN-2026 16:07:51
7,10,23-JUN-2026 14:36:22
35,10,23-JUN-2026 11:00:25
16,10,22-JUN-2026 22:51:41
14,10,21-JUN-2026 13:54:37
78,10,21-JUN-2026 01:51:30
69,11,21-JUN-2026 01:35:32
64,11,21-JUN-2026 01:11:59
59,11,21-JUN-2026 01:06:35
44,11,21-JUN-2026 00:14:33
67,11,20-JUN-2026 20:09:20
32,11,20-JUN-2026 18:09:31
27,11,20-JUN-2026 17:39:18
80,11,20-JUN-2026 16:16:02
19,10,20-JUN-2026 11:27:29
5,10,17-JUN-2026 19:34:58
32,10,14-JUN-2026 16:46:18
27,10,13-JUN-2026 12:11:07
13,10,08-JUN-2026 07:33:43
69,10,05-JUN-2026 19:04:25
44,10,03-JUN-2026 08:16:41
10,10,02-JUN-2026 21:04:53
53,10,29-MAY-2026 04:15:24
28,10,25-MAY-2026 18:07:41
24,10,20-MAY-2026 19:19:20
8,10,15-MAY-2026 11:56:33
26,10,12-MAY-2026 15:06:43
72,11,11-MAY-2026 09:04:50
61,11,30-APR-2026 13:48:46
